"F1","F2","F3","F4","F5","F6","F7","F8","F9"
0.0794245039847887,0.0120674884062651,0.373602214960117,0.0295605759398813,0.221470864068387,0.310268007445808,0.707285799132399,0.211823635466789,0.330574984127633
0.127131065524017,0.081778046249314,0.375540211409859,0.118424473709147,0.344736256698423,0.173201325292927,0.656163885119525,0.559869952562993,0.380830276615556
0.0475021065908233,0.0880818128882643,0.388472514916091,0.231902076794587,0.311532490147421,0.114421766574667,0.554905141339903,0.689736988303809,0.499761892050916
0.0614016009551458,0.0875779284497406,0,0.485811886754313,0.175425004335867,0.429533584491896,0.642122906084037,0.331716700869676,0.514084328127623
0.0748224312374113,0.0372568197724409,0.342957851118335,0.0432311286824126,0.343601347267704,0.206326033088138,0.687645755954894,0.458215486405694,0.313613972196137
0.424718711825395,0.390576812583462,0.465230317007692,0.49405528207858,0.298601002584168,0.248044630889464,0.621237644313135,0.489035030138611,0.782688913210947
0.0832930237915774,0.210204618201229,0.377051832657091,0.395764607014198,0.337312476685586,0.0437232287077043,0.481743497111553,0.302308221354232,0.478126227083899
0.208777432303977,0.0917114201614452,0.417798983885503,0.266931689632055,0.428653718096636,0.0310093999245264,0.553412155345719,0.49403605675225,0.359728850404618
0.0789655639403058,0.355367164123754,0.292788839048481,0.79775732629006,0.341495203420162,0.0932553074916679,0.460215293299042,0.574459222190615,0.351961200969273
0.0603867838938372,0.168334853110637,0.363675368559221,0.786174239249368,0.39789417123789,0.0822674181260293,0.333172875005455,0.539355211841566,0.558910370312056
0.734408767255308,0.12912037561489,0.431391970254483,0.70948499694694,0.643904338770036,0.0337363409498865,0.346189822989716,0.2822675124236,0.383609660784901
0.311285291679269,0.0611948957382355,0.435915664144494,0.246655880136184,0.426006516326062,0.13189478208005,0.598448011066841,0.536585742227865,0.456493980005513
0.0839264723840026,0.0857374772949639,0.401841553489357,0.0240688948195567,0.0631525052905269,0.816198716956754,0.646290642732353,0.0394419898400874,0.311478644327371
0.065151796788027,0.0421329818683604,0.381424116345378,0.095132190574318,0.288381818504027,0.400922165238625,0.571952557618462,0.1756424060862,0.196309397560867
0.433522399745242,0.0657353244899131,0.404021073730093,0.321726161161237,0.609691679383544,0.0649219897680679,0.568957991938481,0.689194497976043,0.344921598347368
0.36536618211225,0.168750768664801,0.514881138729219,0.734517776968003,0.452964640352545,0.0241002529250532,0.523781853595734,0.199379394233697,0.451096272694748
0.0697356455344597,0.137280086266885,0.450377625073158,0.740684796859259,0.558198415204325,0.00916318721883554,0.392301338017956,0.320539311522025,0.39217191649119
0.0705580316361088,0.0458716233176527,0.346654532141536,0.0408693808014802,0.272642056995317,0.171558728711744,0.689761938600163,0.404610103326842,0.385002425861265
0.0515090622698742,0.108168875668443,0.37986495136652,0.210115627023802,0.244358118135172,0.130400465109521,0.558986578875786,0.628950740966736,0.470626990475937
0.0602121729826612,0.105818801968611,0.391387952927427,0.239571000135171,0.279511985783227,0.151007538117956,0.559452099835102,0.721577674214407,0.382695918042079
0.363477276045535,0.584078246851382,0.443258051589236,0.377551681107792,0.192043587896438,0.40814972594714,0.551302999998394,0.337763238319053,0.650819448129431
0.287801979204552,0.68410133588517,0.422003079300862,0.376844728298574,0.147599612618051,0.254239277306549,0.763445263929734,0.456256332849094,0.486923132375556
0.246727634522974,0.799931133577196,0.434595728568316,0.333046418233462,0.19052915757761,0.152714428909406,0.496503551976203,0.453485679501286,0.604576628600135
0.132108539961442,0.25256039787742,0.430285086750627,0.269299086622146,0.283995097869704,0.154274242670076,0.649687800985672,0.282626892506244,0.300999402416301
0.208909766413313,0.546957025028221,0.387534852293158,0.389674638153285,0.335769645191778,0.147570282886828,0.37156859049171,0.456456253947636,0.494426139007366
0.322242546399758,0.745602130092721,0.395886672151514,0.287749633012649,0.067146567211696,0.124871793568307,0.639209233817898,0.426848657244531,0.505700629003686
0.417736139839007,0.106580133588282,0.436468181921209,0.355842206060838,0.461272581539312,0.0585510458888294,0.454723067637142,0.322104812146906,0.364681995428971
0.0413246280735677,0.0351789948556851,0.3460031605004,0.00705406262945205,0.330896102324582,0.33318395661498,0.657363787446229,0.36853183677598,0.459983002927488
0.0786633389335472,0.0595696921867611,0.349184570084806,0.0705583856617254,0.340830777662361,0.338732719494958,0.696159335514085,0.382417200629515,0.310863534448886
0.0757736207650997,0.0214157575819192,0.33362257937504,0.118480906218045,0.301357802652967,0.175431767770947,0.697889415206867,0.336517195685169,0.316906285652844
0.0481088285059621,0.0409653559833303,0.340098580811471,0.0227330237683138,0.322819067082788,0.253162579324804,0.663992277094084,0.267095957339691,0.340776737919486
0.0752543943019768,0.0422983871216827,0.353269881541283,0.0503873985690977,0.313178892685033,0.256657088191411,0.692023747071173,0.307820347264208,0.262730257886251
0.362684011682012,0.170693007306045,0.426803591923222,0.779244050965204,0.340998004464687,0.140649974520625,0.394037247627317,0.565755629059301,0.43753124380204
0.40590241201972,0.182316808990794,0.542605046311386,0.770902567825003,0.384768274417907,0.0744802128994814,0.356747229103062,0.540746583033935,0.387867525745883
0.315742654732518,0.294568623153653,0.403229969733186,0.737388803479536,0.365532002404707,0.0496931037474927,0.445490694662197,0.393917603395056,0.661866984104019
0.0585770458704047,0.162578438777033,0.33522414966337,0.800336448702622,0.430191061239401,0.0324163359337224,0.186568764296626,0.626073591424255,0.268505795342646
0.0463316411829633,0.163284459311886,0.34550424576028,0.80554503115017,0.418013698506484,0.0254809518674242,0.103896210062288,0.757313498622145,0.38488360318968
0.0946006031726835,1,0.373818009921167,0.747318052286477,0.421427195435257,0.0320525040713796,0.32676012117146,0.45539246841171,0.434587334485489
0.0667622012734093,0.012183595284656,0.353437210715027,0.0365577310946004,0.25911129598821,0.187510616980963,0.691710615706669,0.347030271623486,0.317751230448775
0.452052543776512,0.472760873044339,0.429575939782117,0.446164333122515,0.432124504503319,0.151153954211748,0.655245328016019,0.404649359562197,0.419612698798733
0.0512892264842083,0.130856524225286,0.365451629833004,0.46709578703699,0.367681403213412,0.027493183423503,0.463454076581072,0.27402741602697,0.371972129532005
0.0866242951289133,0.669416566500066,0.40850321606097,0.4031234173956,0.39426010865884,0.0664245488533588,0.589754474677766,0.400464813604745,0.249764216252715
0.744469504762567,0.104709245797515,0.459971916974135,0.45616871732214,0.664824735358341,0.927068318669908,0.688686784837599,0.710136463502585,0.430730872981952
0.793798576652879,0.254127747345088,0.507958620945907,0.437195545140547,0.588640322090332,0.777013724852939,0.738413752115753,0.590612471299395,0.594050911028689
0.473115504560453,0.196157194835477,0.412220859355012,0.350175830750782,0.587416108954261,0.655902937080416,0.687489086759786,0.869712140875432,0.366301294259628
0.436365165234229,0.0980861306091771,0.403915764687411,0.39368768437861,0.55274806838275,0.682630811552152,0.659861539084173,0.629490935536181,0.313219956424409
0.467995316336761,0.142013409068876,0.35649518440786,0.328799381219837,0.621881277129611,0.540752868343501,0.809690984523863,0.591740871687447,0.229534870778746
0.347733591334624,0.0834365508045053,0.863012470607582,0.281825270434216,0.694197410653833,0.482783871014373,0.548482897196714,0.621333889739102,0.374049212337603
0.322699279495084,0.0663053845291592,0.408470953237078,0.287187922190599,0.68240769690454,0.442207843624832,0.579833164355702,0.686688238478575,0.417750771556946
0.101001613000994,0.0702703224459876,0.399222509043568,0.291246059588732,0.732449415503845,0.4770369361955,0.533141007609438,0.70928691699792,0.303237111918758
0.248825425139826,0.159167055257083,0.475478873516465,0.292073484548611,0.715385608281156,0.432897485960141,0.641406887320572,0.661809859295097,0.407573095598024
0.486953446214009,0.063717454261107,0.393398841956566,0.299610481038889,0.847517928180726,0.384960247512943,0.578352370642398,0.818750459577425,0.228730771324335
0.139281787621998,0.0614937103456723,0.383312228425687,0.263262496530565,0.744614931697581,0.367623843548677,0.56924255821545,0.63580716884957,0.306162928394186
0.222189055354037,0.0569174682696209,0.385558375963499,0.276916273000053,0.750081095963636,0.309411100313122,0.580191256341128,0.696691923788253,0.345283152789271
0.225976351429099,0.305286572200307,1,0.296099935661222,0.737826448559398,0.422572918372846,0.585134907860395,0.694275321945011,0.410416641098435
0.28448247765986,0.0781927463873684,0.622026357575869,0.27342923244753,0.768228503785251,0.332480757644416,0.57933829818514,0.647411271344569,0.3735017548262
0.175964433888838,0.260915280971124,0.392817083985072,0.269944962237746,0.729060498377997,0.335321304274052,0.567330228729166,0.679050924838524,0.346397260931267
0.122972138977105,0.0579802095696107,0.380353877460227,0.271281791971441,0.714967065700861,0.304721373647407,0.56816590863054,0.641151882187117,0.363336541110594
0.228930607769052,0.0574900053000805,0.385461013806423,0.275871817992255,0.75200012808405,0.279375920327029,0.574297450011735,0.765405999312433,0.12971789935544
0.0842961729327757,0.402845102178437,0.391018032336687,0.286817026315669,0.760968658923079,0.304202860416185,0.563925538033515,0.712351706158488,0.219084259701706
0.0816981996373826,0.0836541490082676,0.821252856688533,0.277284622133815,0.779323073937178,0.290113919546289,0.563715597141161,0.720986568957358,0.247696153171972
0.168486865246089,0.33868756830934,0.395405425825293,0.303177302607522,0.898398820333042,0.319710940856585,0.549099513422792,0.756595313030667,0.170427099506377
0.359519964812041,0.160684531887369,0.389631779433041,0.272460101499422,0.688891533848922,0.249867993443565,0.570294962358517,0.603667013037165,0.317975338803022
0.220251440272705,0.080156073422155,0.666957492388961,0.320216219665765,0.723490626397187,0.338062216842702,0.489222348937491,0.671811420526978,0.395800878504149
0.215115293612615,0.0674469609727267,0.420971687410214,0.276958974646068,0.708499316524831,0.295060158196857,0.414617835465244,0.642531284857511,0.315701736348376
0.222694330445582,0.0588401628886846,0.394077869037777,0.283939581788137,0.685584808915214,0.298824064775922,0.650041707538166,0.680048804148833,0.285441252316335
0.103334320968438,0.447261351948718,0.392551408442584,0.287234704324997,0.801463563458961,0.322960438434719,0.586018804654195,0.791822042307317,0.0756169034964416
0.111030020555195,0.131602153223976,0.406251214167904,0.263257618287949,0.628634170991443,0.286016960820573,0.527857452077225,0.610987315411169,0.378840782069174
0.144226082646603,0.0650998971848858,0.415063949641898,0.289883841204369,0.876487413909492,0.299275272587823,0.588413057258265,0.823699475250886,0
0.0735191516800717,0.055475860360165,0.367796343582277,0.280806257610864,1,0.283389603252164,0.627520799715627,0.930853681940345,0.0403065341087716
0.092868974112856,0.317228869907051,0.395156965851005,0.266297068060105,0.705313680779083,0.315236652946867,0.526893527917651,0.598585328819261,0.259526292474891
0.265003377953348,0.0734397093065887,0.569081279791049,0.288240371901616,0.714157389316252,0.286755667817595,0.58800398281082,0.7886429852825,0.203416092469961
0.126435155226579,0.705946138268221,0.415253194106649,0.25255946604081,0.246698534474829,0.337564836081707,0.681819586612621,0.465183955058303,0.431341092403821
0.30774032678181,0.295308880033861,0.485948296114396,0.206776658839301,0.253716289828275,0.166605807265816,0.661750312722034,0.329283547501366,0.324797792095408
0.0529588531817649,0.070936128881553,0.349654537833099,0.0197795169950072,0.175255316649938,0.576648440473861,0.589801153202712,0.36735954579929,0.425763136554839
0.0690612745300685,0.0653615219772174,0.341388010159467,0.012549298761913,0.255121312156933,0.23127394858343,0.691823779877053,0.385811220775941,0.357476737262281
0.0714523332958576,0.0722423378487964,0.34957699878475,0.0603079128589125,0.24835520066015,0.179108245454676,0.688752833189605,0.382671232270177,0.407604553796645
0.0876132905501019,0.143075914721152,0.342386904305371,0.409301274389285,0.407040453252229,0.116182610918348,0.485802777207534,0.4248832841977,0.335693432447148
0.0545972705613038,0.0859151033091902,0.349724010124896,0.344088942459509,0.336492891656935,0.0597472344866497,0.485724641631053,0.274618150566551,0.419283033293073
0.785436730145091,0.189474707985464,0.438790136403604,0.511268590869204,0.467257813849344,0.0176611290186082,0.398725560952769,0.304552347063006,0.37939519182974
0.247791333568428,0.153760001314095,0.328709175883283,0.842066102719384,0.626446671758275,0.00829665806546121,0.295328575422698,0.200723845120485,0.384552902948246
0.171679102952083,0.142918033728127,0.358740336772863,0.259576359475817,0.2953411689067,0.151589349476254,0.585142641693063,0.543925268401631,0.41616429170054
0.100790071492866,0.48728343995737,0.361285159669535,0.257856450837111,0.252492485044878,0.121114827329014,0.665130175097209,0.612408806725916,0.329879325025417
0.127646885384984,0.82109332669407,0.432596525993103,0.295548751553808,0.234219816161174,0.107341876907067,0.688155658028746,0.664239174471904,0.427843945849955
0.313691197651667,0.061766525506043,0.410879618070142,0.221714950934977,0.204024693932336,0.366550846150466,0.65253446801105,0.662444225309765,0.383783687546012
0.093832429822822,0.0509910917011666,0.370762041664932,0.163505716125012,0.345913537163327,0.251796239376471,0.68586175091695,0.4598473244633,0.293474638998111
0.0557940887865866,0.181117701944388,0.390473157969884,0.218393420280284,0.272187413624543,0.13422662000137,0.574109248310361,0.548549146404486,0.279292662640397
0.080188726433797,0.0357004196435976,0.340590137586512,0.0120777566621144,0.265180329959095,0.268235195907333,0.74736293291159,0.446667124924093,0.41878050187163
0.312622448062558,0.394007733673659,0.304980837304648,0.78192113518516,0.557376319808131,0.0160331632736495,0.323916578215022,0.224996637583519,0.316819526924416
0.767236312364495,0.370779621981594,0.563001243736683,0.717662693055342,0.40144933181959,0.179207609391295,0.587699340777663,0.0827914318430799,0.860496281594788
0.274039345981284,0.149309714729131,0.489885546324956,0.605760420991745,0.415009524632655,0.0463633279791591,0.491926409697712,0.163341393052946,0.333804644476146
0.371048579840804,0.270304798412307,0.581281569413683,0.695911179108251,0.432386138177593,0.0415682473843387,0.394502568940532,0.0966554992993702,0.661911780061891
0.433515569442728,0.361429194670348,0.544417836083656,0.644012784277714,0.406549356606318,0.024070506168816,0.309280848654863,0,0.65824817053043
0.0431679437540637,0.423110334197412,0.450277879100553,0.664584584318991,0.453656111199997,0.0313169369035768,0.35738268116408,0.111435020992778,0.400536460851417
0.354369694289901,0.300862026576861,0.609324465036334,0.735957832597319,0.449212790715563,0.0409388185105111,0.357445992243097,0.194881931293708,0.420948893729488
0.0245534284725192,0.141879587100072,0.45568998445383,0.6524898289037,0.422961981741994,0.0262698298377809,0.40620820139977,0.138671013038131,0.621664752594517
0.390879149382882,0.0568054519695867,0.432546868412788,0.242249838982791,0.448234345205788,0.0678884863899443,0.580990384292358,0.45776880004068,0.320717157279729
0.742589603230096,0.157167928443957,0.46671458119658,0.653672729939342,0.530468798598443,0.0491226367942773,0.343621190781474,0.259803857263716,0.552714667997771
0.667477259856909,0.273595797578455,0.437481212785611,0.747203856709155,0.536597071176983,0.0354236527431228,0.357804660404123,0.313441466928996,0.2314151973331
0.67494713784164,0.142530949988242,0.433689947182052,0.77935276601018,0.599365789250332,0.0335328694925316,0.354031935455812,0.236365746863283,0.429755394312381
0.0820648438416083,0.127107319280908,0.498607963881948,0.738619151711183,0.5257057327481,0.0463184417540521,0.371989800579429,0.410011321987314,0.349956040294049
0.0808280809746716,0.13175863132627,0.403807384479311,0.741574264128555,0.625617035128722,0.0446718695056877,0.323014394091406,0.323657397933014,0.342305245601885
0.100564589567858,0.0471942878491063,0.273386868699642,0.180048291101658,0.326072413495213,0.254075138472841,0.753200806630191,0.457230933363338,0.428908404395884
0.0789504977519756,0.0471448055917726,0.353806036092266,0.0679876813001701,0.334279648004131,0.230616648149175,0.690295323645441,0.364002155249946,0.318482966487163
0.634057718165859,0.135062505461319,0.401124298981263,0.503282685230579,0.373593641982747,0.0817213215295308,0.49325419062085,0.0963614636279878,0.264750567746799
0.0513015065633874,0.103349626084494,0.389760569879585,0.455980792623785,0.521152719712598,0.0505118065423598,0.269757463284313,0.0900700708517878,0.406444987188748
0.075338191610695,0.285754359072559,0.3677892227066,0.107502754383539,0.26402729883478,0.165404990810946,0.651857332194302,0.260303035035228,0.341194189022328
0.0691673244631275,0.040313218829957,0.342791834347891,0.0225244519689891,0.28049121979684,0.237538956258714,0.692210147878451,0.377518511590897,0.327020677256381
0.0724717919603188,0.0761211065953565,0.36609575580776,0.0631625080367397,0.305955337451905,0.246661604463551,0.691696206368796,0.27312506824696,0.301281399574233
0.109218193755188,0.104497537508663,0.362645321222509,0.123801557990453,0.25597701645722,0.156871048446877,0.732221347859347,0.372441222003338,0.273169166662738
0.888907128024267,0.157902354504434,0.309591414822039,0.728427592877958,0.562117698216769,0.173927718375459,0.588518005973412,0.170893357164672,0.109255030141215
0.586224046828217,0.119112552065204,0.473172882900871,0.441298033396179,0.503136864972423,0.054641415790557,0.366026505226701,0.366849211163735,0.558570720413203
0.368698106994269,0.073568453893696,0.513838834336885,0.180777614732818,0.243233125763408,1,0.622990926640184,0.416115032708514,0.567404840537614
0.150545896953499,0.0479218687624837,0.448512869113224,0.176602412611078,0.215411514569634,0.73411908824586,0.660284227137643,0.109147461245113,0.312021518928588
0.216849829835128,0.0450613807177866,0.438407922666904,0.103543223423414,0,0.46549774693091,0.639073910449779,0.109206872837413,0.408453051092301
0.112875317794604,0.0421208721923011,0.423938045445182,0.105809686970023,0.322148974590303,0.421691496017035,0.536566045443028,0.396177662715621,0.454866332490409
0.147559827353741,0.0476353701168667,0.477260357134015,0.164764873549083,0.252966815552916,0.478410588472234,0.554086682467104,0.278507430700807,0.496363075691398
0.0812596432040151,0.115287566696708,0.430625124859412,0.0881423974953518,0.290084682447217,0.236998272508614,0.595417957748115,0.355290915662559,0.395141236202015
0.0760096383761988,0.0403269157651655,0.454774681544524,0.120286070620464,0.303563346609091,0.40495424559737,0.524594297894496,0.374507905846165,0.637655104811936
0.0410207472200396,0.154039167867433,0.458654934777497,0.174893769936126,0.230948955893844,0.333744839816311,0.483622612863335,0.196002913440498,0.30975099989822
0.0566805970005788,0.112466388274189,0.430887503153832,0.119680302010533,0.323196733852528,0.363959332087811,0.527658070357015,0.102161489615916,0.250678252994107
0.0856793743038223,0.0405004421878264,0.407896127831975,0.0691026238403216,0.319379690254691,0.229111357373234,0.672908752905119,0.25420648222113,0.346785908247938
0.0532484938996296,0.399988479901232,0.503522538536385,0.156185979355067,0.392351728619486,0.406368351561516,0.492443965001813,0.146867425359852,0.24556237071138
0.0814704306993781,0.041973207697936,0.364293241710538,0.0931451586825054,0.329927764997827,0.204463935002913,0.685055540373104,0.221194502990912,0.242044878606289
0.114174219472778,0.430236038204585,0.392211996120786,0.23487694817502,0.185210232876623,0.453187860456778,0.865652402183184,0.593296031491949,0.643625251765105
0.0863386978620131,0.045890035946743,0.370679258984468,0.134320454189283,0.3523436347507,0.182342607653792,0.680431869275965,0.407387067614176,0.396986526444408
0.0872546552348631,0.0426886337388152,0.395694114770272,0.103898281823893,0.361821429154764,0.198502952185349,0.68617971482632,0.380936077213919,0.310080616305952
0.356871168712566,0.516762238530293,0.401110035497007,0.216934223892228,0.166003585115195,0.232202667255086,0.610748002899281,0.821343932314923,0.523034581519907
0.154300501122649,0.115977179569034,0.39517006577646,0.251622213798978,0.272898014987951,0.147632993670492,0.530155808404766,0.814312645738335,0.401416579806769
0.10969944339317,0.27310596845104,0.412794560239999,0.239159343215289,0.235659163126834,0.123090485967356,0.546821654148534,0.782005041121266,0.499397331627458
0.112228021906953,0.40103617671463,0.396272355957936,0.264079065708312,0.334051056653154,0.129802305894948,0.550403546983771,0.828802037613117,0.394228145845423
0.120901024854058,0.113428611878293,0.389251754311931,0.234907038374949,0.27293330123639,0.104057639215148,0.545908868588899,0.779503910321805,0.34759043331244
0.0569351860211052,0.0905549766235359,0.396792896584047,0.223746001305364,0.226471758101588,0.282052106709288,0.558972923773338,0.609882815014198,0.490815751287456
0.0125795574079678,0.0758513702759506,0.381643352919927,0.286838143786079,0.263134535596697,0.137882265035708,0.432267943196987,0.407805447233614,0.641079240564946
0.0487309273254074,0.257067189873711,0.387897684762923,0.752141004818818,0.398727530137201,0.0653312503012159,0.544644843754379,0.175905604586149,0.405042313563062
0.0728603897323938,0.141187907527149,0.386526322600415,0.717445837477606,0.457887271130766,0.0973542482163388,0.409918310032286,0.159763365254366,0.549731233653514
0.0217614558812289,0.65385543739634,0.369436773880368,0.678708456600877,0.473754238768789,0.0354255577855467,0.349023101488987,0.117259427178002,0.466499975416927
0.0916405877100318,0.130728252137792,0.329990938705824,0.676468543400107,0.490059816481699,0.0142092285761604,0.425922158839308,0.219865362732454,0.461589540837166
0.400860045306711,0.117575131884917,0.359894279276576,0.628340116503548,0.354227337246482,0.064072138836967,0.568123268849483,0.22926575468082,0.374511707944929
0.448287524153584,0.123056465509917,0.465073078713385,0.693897014472015,0.477141514883519,0.0770567337508427,0.477753495002391,0.192465667575428,0.573035897811897
0.158667834021414,0.131958202975618,0.378168232321502,0.542918355359902,0.365066430348946,0.0557765928599295,0.414581835394815,0.0922910915851967,0.447953448990114
0.159718103834029,0.118041058497217,0.479525707907547,0.590532623247248,0.442936908329852,0.0483956198116184,0.328310416372018,0.152209348139109,0.552576655848421
0.68847960037629,0.151370389328821,0.338327201670497,0.789389334748377,0.509518269838182,0.366176109780342,0.642547107919377,0.518094273193147,1
0.55966017445611,0.161490732217902,0.341373734708538,0.714939498807131,0.470860469763474,0.128390545994378,0.595836477500944,0.396736458284068,0.908400135438834
0.396125850358214,0.254802537314476,0.283868924877142,0.732330650577623,0.442201268425451,0.0779160360178933,0.553542601168769,0.438217991022437,0.973213795064899
0.307105827647538,0.142302471593857,0.407019675394918,0.468039641423951,0.514183841817697,0.0350943097910348,0.550596414289121,0.604196675447386,0.394119773975902
0.387598596403728,0.143190401229455,0.416790935596184,0.470977537602338,0.484071384940515,0.0363215236024867,0.525437869084682,0.351252907645865,0.519128817948764
0.294231416256852,0.141513778370309,0.42617847109067,0.483922838307573,0.497180812480418,0.0332922047575622,0.510913368916298,0.387066713458504,0.397292694337823
0.279724577474086,0.139415743584087,0.396217503632901,0.463614948018893,0.54271389940428,0.0260130046528806,0.598795824065195,0.376446507851412,0.403790148086187
0.0680836860447894,0.106584144532214,0.352723436304678,0.330122525706198,0.205045914559037,0.0664433310020633,0.510400743861564,0.358562599208709,0.550211765334667
0.106604597102531,0.0448903300846244,0.40786913240582,0.271083382142494,0.494123659570824,0.0807993046880162,0.48717285563472,0.739468308556374,0.375004077321593
0.121713202825442,0.0919739856864185,0.345646245590408,0.118720707581552,0.145237114703011,0.306972539196593,0.770624598617359,0.413228522334754,0.230592029537779
0.0921957743664936,0.0610223380701981,0.343552692980618,0.0778405115989299,0.31282537327011,0.177341622026376,0.689190164709584,0.345911961982916,0.191152264001885
0.0623953324827316,0.147254251499436,0.271921819622202,0.742597149107549,0.391968565993522,0.0865029954263969,0.280032600830778,0.881341348814184,0.176028827539919
0.0498488535611742,0.070063366685122,0.38150795663585,0.199616680110782,0.264955539900639,0.108552935398764,0.560090264843307,0.624733800110837,0.352680621285316
0.0717109299344224,0.0286270728437603,0.366109521252143,0.0643855276104531,0.382705055754719,0.218288147504175,0.688461984855607,0.234607782987446,0.260551129027872
0.0256907462618352,0.116112637640146,0.339628816405695,0.390819223881696,0.32582275297071,0.0787017199229062,0.49642739399596,0.338769056010456,0.865280378347901
0.0510179238342036,0.0860876772587756,0.379142300472728,0.160523958454508,0.231868187849209,0.111804777629111,0.557511737015396,0.652178511458121,0.239355259784293
0.0593780022376164,0.106884447652667,0.361036653531043,0.282728679709027,0.262367409653901,0.0808108929953547,0.553227274602059,0.786568134887807,0.387168450568039
0.0705750641969004,0.0609475336653099,0.352689610304831,0.0291780309691909,0.301573831747523,0.270269038627253,0.69153787761839,0.341866001567298,0.234312709731735
0.22346477479604,0.108645864873959,0.447290954973411,0.406273007431523,0.328239827868943,0.157949096403497,0.494672291702082,0.811405762412731,0.600532502074739
0.073488291945349,0.0938171987223707,0.396816787447257,0.333171435089737,0.392083930949862,0.121076067929015,0.522440559497486,0.807673199110496,0.367375019073844
0.0369870889345819,0.0305900272686842,0.370448864204854,0.0430623220463295,0.296497044120998,0.276576220919267,0.651499974739819,0.289798108250789,0.592358662130688
0.0726857663643902,0.0451715761605577,0.342215789192478,0.0656341581472111,0.322780095922709,0.159725403437,0.688051623073991,0.310766993783925,0.407678464659345
0.543808416979777,0.341432712983008,0.542502346102338,0.318557957678267,0.131564017423414,0.459569777581202,1,0.538645508763818,0.765839312543626
0.0869851137985005,0.244346213751429,0.474200044710856,0.269773603833145,0.334551751101309,0.167287855665381,0.58346263779978,0.678189753958914,0.249959526185921
0.243429936426858,0.262293079759327,0.430944800630642,0.327896368089513,0.390635814731519,0.165127245028695,0.521911951198414,0.524044474324708,0.57495415978742
0.0737186366977217,0.420768589598075,0.395507031191489,0.307281648647809,0.300244479894464,0.113385500300604,0.570758023442151,0.879574468205586,0.283354118218386
0.0646625152979681,0.123724116332431,0.428322474066523,0.291390666596868,0.284822848830393,0.116840262853715,0.56105663771712,0.584908604625299,0.407700576529449
0.102290986411526,0.126633826492009,0.382835997422244,0.276559660689308,0.28835778218688,0.108798296576372,0.609766962946144,0.549905844191795,0.36974307803838
0.102910991444466,0.636742650653217,0.373755100597471,0.295261085140731,0.22793296896871,0.0998100570203455,0.641140891472648,0.543018768609299,0.349190247636857
0.0575507025582254,0.34324336629286,0.41398317367961,0.298345507036471,0.229107178049074,0.0938996455826996,0.549812870994262,0.646829240053657,0.489789351244275
0.115996422040609,0.454693107137261,0.379364620370236,0.28687535102782,0.235400966395136,0.0773052415081646,0.687370760609932,0.502714409251082,0.273384168264373
0.034115609468908,0.420466941365962,0.401890897478306,0.313310257466988,0.294819991205617,0.0817952662606439,0.513197487770405,0.947189213539856,0.258261942254246
0.0809249807580146,0.0708945177166856,0.301711656983114,0.176288092443635,0.327820229191734,0.156209280982099,0.677052895016898,0.480546583374402,0.267241092739078
0.0643710994454555,0.0776423113256686,0.387974041745066,0.154865151699941,0.33737697409317,0.168583311639991,0.640553217792297,0.27860290552488,0.482031309179163
0.0670097041173245,0.0663061278357446,0.372971725332754,0.127074868142959,0.348484437833959,0.141537787423369,0.654814118531574,0.166644241175476,0.462194130267806
0.0753995571655754,0.0553380527584418,0.335826822451517,0.0204773060279858,0.222872603918588,0.181947335353166,0.697484941216299,0.412088873238604,0.371777389264265
0.0700882047949622,0.0356451564899962,0.351139826270115,0.0386662212399159,0.331269290573367,0.288645566836362,0.688502362339468,0.389315209852702,0.403890778321796
0.0709574109804108,0.0346397196403089,0.354910875780445,0.0465496204190972,0.343086539597943,0.192995400201874,0.688372098089061,0.594689175330595,0.15993991186537
0.0519557635433927,0,0.416374344497031,0.0176970937250719,0.293120897029658,0.209464561028533,0.6997162266198,0.18400126106584,0.550140158191777
0.325976872151225,0.483212496997906,0.453588763096036,0.842435615288338,0.638640614663607,0.0572962393790378,0.278034880314644,0.240597946163682,0.370969133057582
0.356458129223818,0.164028785823693,0.484939181293156,0.750361948897913,0.540185683315226,0.0354502954815912,0.204339080352315,0.193488232221465,0.508604749304962
0.0439382594405789,0.250581229291691,0.319598713204246,0.771362494080701,0.355112975615353,0.0352218973068851,0.464200730242134,0.343698189254648,0.195751895033477
0.0732730090251207,0.0604788317469997,0.361888661607332,0.108023885918893,0.290699698325642,0.124388723741774,0.685784915277594,0.276912370517902,0.365284234441299
0.0362202508486138,0.0109145588174309,0.343161003873088,0,0.273645525885288,0.248398302331478,0.655464004345553,0.27560526150452,0.410311707364774
0.131563064432006,0.223639173853673,0.372404314910176,0.0985092105982069,0.1681894180281,0.674359144482037,0.663095001451517,0.506962463307441,0.370038063996825
0.117147121540689,0.0800046481755187,0.351040873988944,0.0708007654893434,0.309348803640568,0.294306561158847,0.731431072524349,0.407621072231839,0.360712266925451
0.268379772314638,0.110563201318278,0.393288475904949,0.242712411655574,0.309628776815833,0.116999951197846,0.556934854083798,0.606684548967877,0.186793715810472
0.775307141152248,0.193571418679699,0.429359346125604,0.980480392387672,0.446218839101615,0.00190379019988944,0.417623959851352,0.0879808151488829,0.280602116197036
0.0840738150912041,0.0792759623667148,0.418875133404286,0.0642513862263736,0.296023773831432,0.688797462963504,0.591594109350521,0.329516254991245,0.359364798474542
0.0588057567902275,0.14906429571146,0.409723427913534,0.0791063344032043,0.305112574605337,0.425779433270029,0.544801447405089,0.346230068088699,0.435519676550326
0.168111271853012,0.149324801385398,0.320322062170917,0.389303352340164,0.383412024443311,0.099953442733057,0.48518288848154,0.342438452088283,0.353469085823678
0.0845584642512645,0.0779388163483499,0.383396525286653,0.117518678273503,0.28471880064579,0.154205330432604,0.676126070123952,0.349691892634308,0.48792629703155
0.171130744123396,0.41618994476149,0.423312909016532,0.250715804150769,0.354400698804635,0.312636647109828,0.702787370990919,0.240100247731737,0.933791114020659
0.00560768278993467,0.0931026338764884,0.3870171780289,0.315229379116353,0.27723116545012,0.0715480598731748,0.502553947218572,0.089897467045018,0.910069831125564
0.223799355495226,0.0746149399036154,0.411168845852954,0.199930367429193,0.11077723937256,0.452749497787339,0.637468048738836,0.185015190280193,0.835277416189912
0.0851120185426743,0.0550320123572002,0.403597743820136,0.147819106210575,0.39676846769931,0.128552671032095,0.626701048378061,0.222068964657259,0.235874775495599
0.086339101713723,0.0568312894761329,0.379252189027344,0.164336040495851,0.355938581626653,0.0967642737861514,0.649276110961314,0.261411163454538,0.134964838760374
0.30182493154829,0.0865067876718061,0.457027499866403,0.424288360004022,0.442864036710876,0.0432293419868841,0.584537879130011,0.347500198120696,0.421288501521319
0.0928085572259794,0.0818045563074354,0.509506408784437,0.388234517683037,0.492532873537892,0.0444966578197523,0.54094000822573,0.312759259085157,0.330574856580758
0.367093609035088,0.151852410399169,0.419870270788308,0.504062772349607,0.483186337234829,0.0964244438431733,0.510170064898251,0.196746947163855,0.393760130827169
0.0639185048113255,0.119499191510664,0.416821351079902,0.461535604498922,0.463050515225014,0.089124498922425,0.384551083353262,0.246093451069196,0.339015802698005
0.153165712742191,0.150051242451851,0.337051933263776,0.503879431815591,0.237484790076851,0.0172065872296137,0.455885916780745,0.441805262134329,0.56821929459418
0.459390080114786,0.0586838474107757,0.495913113500373,0.355189460812643,0.451209685092873,0.0733978134804056,0.785379031910203,0.286513029867286,0.397598773707278
0.713883235178092,0.119802205653879,0.444029195718488,0.456706861546624,0.272950730598119,0.228794930771352,0.75812514510516,0.705080814817176,0.571972693655328
0.505572902093844,0.123684603087876,0.467379315557162,0.38310807023268,0.284965155730791,0.0783693077281044,0.652189495698038,0.738249736510745,0.410689100458998
0.240003047662666,0.113385831456665,0.424006150310842,0.281771765581157,0.272456839996577,0.0426319472318476,0.53151265946609,0.666205908969777,0.377172425691736
0.196135235782959,0.114307430605997,0.415355555680261,0.296304340786123,0.379869477966252,0.0399980631983002,0.503675830220183,0.651254916725319,0.35770689023709
0.22715263334725,0.117645630117746,0.402779998821181,0.316826649099238,0.261707017496006,0.0337368401790561,0.484499735415469,0.646406128045972,0.394052587775187
0.204634184368004,0.116579736840699,0.39597599682624,0.308220018979837,0.269938420556177,0.0399776580523239,0.531381667437266,0.642363415496661,0.328876639617755
0.21460439082656,0.114456137060448,0.428251706052731,0.285811768176034,0.281775182212135,0.0397927158054411,0.597010939679902,0.653618830707861,0.325972571372972
0.106956350929374,0.0446856177235651,0.346997601643878,0.0332876542257788,0.380220921171323,0.234669866611524,0.739816108268293,0.463161639924782,0.258728463688121
0.0129650751307887,0.113289489022869,0.423577629815377,0.42589335528841,0.276518519719261,0.261387623941432,0.219632321982911,0.82554043833357,0.628525260905054
0.135091227684331,0.126276278864413,0.391435404024236,0.310916131665262,0.260405270223802,0.0880743785855303,0.527452584363552,0.770685245519735,0.402958819558351
0.0676311906390781,0.123272042391169,0.387368584333358,0.310008337001788,0.259029531284976,0.0760249273406969,0.526676716327743,0.770097423883765,0.429734894632418
0.0718209577930007,0.11266623949819,0.379506454446062,0.362604436093031,0.280254077396597,0.180196748070722,0.357533692325207,0.824244570179071,0.408952685673715
0.112083222863684,0.0632992503318527,0.342668465473493,0.0773851292431456,0.302630919892837,0.26461086018785,0.739553144403986,0.264185370486032,0.373030146235753
0.09376463799645,0.0676604999636511,0.41069942326809,0.31630858970133,0.502313149412882,0.0610975468301001,0.476572754357799,0.306141509183211,0.226727645430577
0.0676158634340511,0.0178289237435396,0.350773152573437,0.0169731313115217,0.268516675873716,0.186603095349001,0.691086615099457,0.397203600413056,0.222406364977086
0.685698000045643,0.145779858006818,0.370332368593749,0.785309882857404,0.490241381001522,0.120179772708903,0.504202998278981,0.351290164297723,0.274401509708743
0.140681901673527,0.108812850974938,0.415510039917523,0.513179190157808,0.46991109905187,0.0285102185906294,0.486023774920038,0.303403213821709,0.243678963200621
0.072283070810274,0.0321804099847486,0.340646887911893,0.0348273333521034,0.306202668601461,0.258417866051873,0.687813506240263,0.124617481605011,0.381809122879666
0.0934939319099794,0.273154482962998,0.393828855890126,0.304279637954842,0.100497941252455,0.239876763990907,0.529831193171267,0.330613934991302,0.492579047195008
0.0794015155694309,0.27458831186687,0.385364480884651,0.347976800281312,0.252180626158842,0.173314844439192,0.560942573140683,0.608563833741599,0.353041205865527
0.0611980008788087,0.156361806719957,0.396613666956874,0.290151222340357,0.313774414937061,0.170036043925055,0.354154392056938,0.625981437510173,0.351314138710357
0.0696108663729133,0.14947832392941,0.390216275271604,0.27375297762635,0.109900891034337,0.133920331839888,0.506182688863736,0.642993252778551,0.358730292283745
0.651934498992313,0.276928716192934,0.351732853472875,0.727566067749597,0.574291624014173,0.0921458971256119,0.558344680067762,0.473091197358968,0.725621917322085
0.557903117286006,0.139075678778052,0.41115701122424,0.513929479928566,0.494550869028257,0,0.50626299690359,0.376462661553044,0.355164850331601
0.478346969233005,0.132904715969225,0.409273558850466,0.52605477507471,0.546473274839092,0.0400406063712287,0.508130255475336,0.455129142515563,0.304582499357354
0.275871904116951,0.137180982560265,0.464961647401494,0.512882057427541,0.518261178613867,0.0457826127694504,0.493531817502551,0.402740872009181,0.356521329074105
0.293531855229504,0.130553459675374,0.40170498566887,0.520061216332641,0.523529579378132,0.0433951207235818,0.5559406685454,0.455531024395892,0.356914290596395
0.031741234564631,0.166741447253921,0.322870860466493,0.821074390601561,0.441535075204756,0.0386029516053811,0.107131357921659,0.615850834499214,0.301564445502208
0.833020370874451,0.20329025558704,0.435313011558804,0.623937185846253,0.515411171717546,0.203465653469855,0.392958209305385,0.32507589867606,0.451209016134121
0.639361438744838,0.255239165664728,0.566183455865931,0.56363968813263,0.361499735556745,0.134556813900791,0.419375891917561,0.077721809841388,0.622428113372401
0.0771467888760359,0.128140486419053,0.557761390132764,0.518760719200825,0.477213170654561,0.0458128331271603,0.270784742413369,0.136928159223578,0.411332271428849
0.0397143351529121,0.0386050865538385,0.362701551874128,0.153814245243225,0.284317954105017,0.291075427858983,0.579253675631533,0.729092899506062,0.503296778592906
0.861943722906789,0.454808769313129,0.391726482132226,0.860893933096219,0.439682303688206,0.0217822175527655,0.387783063175635,0.190962855294965,0.302476511100123
0.0907345385404775,0.346603545434027,0.163071984002078,1,0.575430809485265,0.0253455721232487,0.388853243656283,0.185875984244806,0.453369404372156
0.0810040824199866,0.0702538979109514,0.360012805197735,0.0815208396438647,0.268693692886802,0.234081957503836,0.684589985075054,0.449602231513209,0.412663377121704
0.0799278411995776,0.0713499352924403,0.394442972360357,0.0413190257166096,0.267882764379496,0.198820857089903,0.690082534414012,0.476598184731255,0.344670983902742
0.403931556640994,0.503003270304887,0.423712119607224,0.621355698498177,0.578787782889138,0.10817359517303,0.496655782813347,0.608033501386579,0.397832147535022
0.25594415406062,0.148246461298941,0.430765731847947,0.458352082381046,0.315105605849612,0.0691504620229314,0.503364114641731,0.690661900521253,0.244288769726878
0.0828069800915452,0.229900178668365,0.382102793114064,0.460904483963579,0.36384406248732,0.0775446320700759,0.500825771766586,0.486998857858392,0.42943324087027
0.0934857153477344,0.143021099761401,0.295699218567388,0.0609709335770686,0.310988906559506,0.388348089534189,0.734920984651424,0.449171485619598,0.272918705992254
0.212466448122648,0.13246205144944,0.42044474176473,0.288996091073271,0.321749734279009,0.399888164149829,0.889768392227031,0.802350539374231,0.377683933097754
0.0708573273768476,0.0283407844734,0.346214478328264,0.026164685755462,0.290083768240114,0.212292914017368,0.68839382811857,0.426501555043741,0.383340694804753
0.0612524753974459,0.0822648772947291,0.390089612051565,0.180093706338866,0.350644432111477,0.0767802186005038,0.56876490342162,0.828260474687736,0.290992604038791
0.321496657063013,0.313566668247167,0.445529106178809,0.373134390009413,0.252082286783643,0.415457659758646,0.762600665945102,0.238486028608484,0.583292127575866
0.253806767882394,0.0890376440115723,0.418829680693623,0.348147418682082,0.446005656538229,0.200077338773047,0.449897534299008,0.308769897781294,0.501365133539658
0.0804275233580928,0.0910287760109683,0.423640910597272,0.341371001165447,0.350371989495147,0.168693368700216,0.451606656828938,0.261409602143683,0.458580511268862
0.322765023393957,0.0901513761884109,0.417320220682641,0.37314362302699,0.496672654958192,0.117759320722127,0.386944427350587,0.303566875482803,0.422183996655781
0.187733980866698,0.104085427352421,0.361209056125834,0.362752920258386,0.369973792602864,0.11378640897275,0.360614636287774,0.25085402298142,0.410466827184489
0.119824458129409,0.0116325264884148,0.369101475633744,0.0251887368323151,0.323665360339265,0.237805657449767,0.765285067299631,0.417410656478486,0.251578276320801
0.539169426996053,0.0814742979028973,0.44486783565933,0.210244645291672,0.405557643406138,0.0832281843114542,0.594494796457692,0.418426306866947,0.377972451983815
0.414478850022071,0.0837607060236529,0.44605879697706,0.192846358132871,0.392182467269413,0.0490432177517616,0.587961414073892,0.435880544542382,0.424408683548447
0.0870367316333185,0.0835991038985391,0.402702900914044,0.150705389330011,0.299487631845148,0.062995347923967,0.656292892844913,0.2981269079353,0.367077863447923
0.232183719448766,0.144372253049932,0.30420727084742,0.70377777106029,0.467789999451792,0.155623419129901,0.306224385812963,0.837046951027503,0.280299482115522
0.0929059049241144,0.139254955443601,0.359563605867353,0.517671399235886,0.350649787703301,0.0864122544863917,0.425364654129288,0.563368612374272,0.406190829920261
0.041203636815739,0.134078096472667,0.339517369414865,0.729891983127301,0.553142172414322,0.087714618679997,0.111730885140618,0.861297225899217,0.255605746451674
1,0.282238725467219,0.504284114290562,0.807371058278793,0.31247154393337,0.161927092817028,0.584422158663387,0.321647805608435,0.545996821848449
0.0576862024011367,0.146947192909398,0.382549109482085,0.650139580474753,0.402923330081676,0.0308425141788215,0.316549559633253,0.221401612617719,0.401868316418937
0.0633449814886298,0.431277290558522,0.390569125540221,0.674438953778954,0.33830636656442,0.043219185618911,0.501643148128391,0.198266160254155,0.509488749128656
0.394795193779214,0.16956118471185,0.444736476104015,0.707717542014022,0.306624288273911,0.0218225521591413,0.387331927281511,0.221250742551093,0.474593048288437
0.0474575300623498,0.140112619323853,0.449433529256068,0.648396202504924,0.412455492234673,0.0130756940277478,0.367661112075595,0.144015642900739,0.431736332559246
0.0468759526249969,0.14698444527218,0.493344540267011,0.651918569532509,0.414553799667184,0.0130906328327995,0.324753646571741,0.169413667637151,0.474641938209302
0.814151670394453,0.350630635929085,0.333479105548886,0.968326480054624,0.306866635429946,0.428158450706922,0.492309203531524,0.897234814435773,0.884623291178509
0.163241450695016,0.258094209176183,0.332188689337265,0.819786947223677,0.233838742173534,0.2753122000211,0.52684422638019,0.747807019232408,0.631930588011064
0.521084394109099,0.246432788384781,0.428602618751131,0.835602558830344,0.240085019525216,0.223672193027295,0.300194335546468,0.775748194590604,0.766849964494474
0.171562354890984,0.351545369984154,0.368815342443203,0.783393665086676,0.252309172425583,0.160420622323925,0.358885240884225,0.684511744509579,0.715966830426269
0.42647027799635,0.191871898853337,0.377844496258572,0.799783888625094,0.191828980788867,0.137294280812437,0.267776310443246,0.722120930249022,0.725050865353816
0.227467970688334,0.155600402293637,0.412359225447572,0.782502429595858,0.344484223044917,0.185055278906453,0.173167878340054,0.908164470498261,0.563336944439787
0.227151726298021,0.173333162831749,0.352612806816542,0.77332257774819,0.278094703966923,0.201412250079713,0.310897042831627,0.822508433343229,0.50304040792218
0.128628756075436,0.157676644596586,0.402631160758722,0.78652138908974,0.242533761827958,0.179174340021185,0.268127641860667,0.877853849997916,0.601163374655841
0.446784064336576,0.231639787932186,0.390457475715876,0.911759701533319,0.262392824570437,0.132794415390999,0.317412876012525,0.650477111830141,0.604659597822695
0.38880714861655,0.192221757608241,0.424265151197286,0.8891157021143,0.278665348574749,0.13232472589179,0.357141543447239,0.638800916349229,0.655167563820934
0.0343392788937893,0.175511798996318,0.358702483662199,0.722221233344553,0.279818244685224,0.110226030598567,0.119358644262959,0.730886256118379,0.683386162967447
0.110376297066437,0.389348019923264,0.404171552417444,0.696215117749044,0.368530669531198,0.16479384857156,0.123576784225379,0.791308364707535,0.451078560208184
0.341185649027075,0.166034132000432,0.235266909839635,0.968522381684718,0.38775327412162,0.117829515543485,0.467902500012511,0.626515394292456,0.429457755272244
0.117813932610914,0.152112604740246,0.316494283719996,0.857124580115753,0.293877942171008,0.103158433887634,0.405694830599959,0.630490953940253,0.575623009697674
0.254487947793962,0.208531116362836,0.381561052266007,0.800390930684836,0.334899762610813,0.0934669261503979,0.305133213671853,0.660349148891337,0.398842206074931
0.132462460879549,0.17062771905744,0.432067945333054,0.817122649876876,0.335054217194172,0.0704616537163862,0.138210344798603,0.676682043369022,0.743380900083657
0.228517699343977,0.154159304320449,0.404757108342613,0.805411219582282,0.397043977212139,0.0831171375853447,0.186504060258541,0.71728920437049,0.500601966005523
0.0823220344940774,0.157664991677384,0.373652808798639,0.72798441575823,0.382834366380222,0.0740875808821578,0.218724466543902,0.781311921500798,0.400061281292711
0.160848110754544,0.176867296494118,0.360637177965968,0.796263819490442,0.355964380287109,0.0819556235123395,0.180085426826206,0.72216259228952,0.42518725746482
0.169306433917499,0.169376238439692,0.357873501619959,0.717758739438836,0.313670201742211,0.0679113696283874,0.0831152486091199,0.776108835424466,0.548709881938878
0.359832714969495,0.174123215110073,0.36104077260637,0.782134015642264,0.432256573567039,0.0589132579966894,0.275312227283373,0.622085543714556,0.541637687702797
0.22447601150851,0.2951776219862,0.354553701378978,0.720912114130216,0.323535133014689,0.0643768418462412,0.0767677491815203,0.703823902288781,0.501844233421166
0.0321403255478857,0.451663627006409,0.351636933371335,0.713859738912144,0.31128373659232,0.0965667967964579,0.166864428604102,0.649330778719157,0.413414853662505
0.259427404163569,0.489663068825179,0.394061168905202,0.784981575927144,0.341087224054712,0.0624699901199453,0.141708063803735,0.648316274865276,0.587322032044206
0.0259905619054352,0.159964417314575,0.389003059038525,0.756414084209954,0.340252840535333,0.0620452907482304,0.103516263536622,0.766556420814439,0.413791687960692
0.241523433510634,0.161155021522977,0.353635585597127,0.725402005246776,0.454721452285567,0.0641620800654833,0.201474869958215,0.583422623617274,0.517388246514497
0.0270745460219483,0.140722997368063,0.336595602798518,0.727243625452379,0.369000399444388,0.0448568588346548,0.137465028912635,0.664653096325392,0.240950662504285
0.0252688633836033,0.15037884764943,0.441173945482023,0.695606498134932,0.43721283503889,0.0671847795621303,0.154644069593564,0.834965625624789,0.372473025608994
0.0203746081375222,0.29841872521749,0.421670022481685,0.747137021763275,0.408195101502425,0.0713088372352467,0,0.857071992125497,0.402959926141838
0.0264575926279853,0.157725775096691,0.388585174513473,0.731122712768214,0.337893691992703,0.0560139310920932,0.0803717601279627,0.731001774525571,0.404696421239184
0.027787342092133,0.166740834535599,0.390861925550701,0.730053927152456,0.324467221727614,0.0441476341078634,0.0987362160186543,0.680910552991043,0.582846368705363
0.0442514414849992,0.295051451406076,0.358379277583363,0.760427266970095,0.325940027307494,0.0670783970937481,0.173295433576624,0.767642300773365,0.401712413106925
0.000563486700074328,0.161938070186348,0.340846827145812,0.738564090515291,0.311850092983711,0.0421408375007813,0.177284798464602,0.488589055650654,0.753915316267356
0.0180931093394121,0.152301410821277,0.401784745108508,0.741784134573336,0.458413505092216,0.0482520726123441,0.117242658670491,0.730360273114295,0.321913149603562
0.0328488458670972,0.141309444423587,0.392453083949029,0.743334964153555,0.333925371963348,0.06818437807956,0.263567033098243,0.765454707323447,0.379808878273432
0.0217373629963394,0.169594328588359,0.343926914906185,0.69272772941504,0.298343051348514,0.0499956836018152,0.103225156580859,0.756405061537419,0.351434755687112
0.145687842192174,0.172159240694635,0.360204860299257,0.72071882099236,0.333079600911558,0.0350728321680814,0.0969134568620759,0.590478078588752,0.610344272449685
0.111424692129135,0.149152982665974,0.396680894729753,0.736982454361274,0.214201429856231,0.0573361003187314,0.216244859484067,0.723128444415648,0.352062789805934
0.0277851596008344,0.158151887541774,0.333499840695906,0.707307693956936,0.360796901743744,0.0412296517416841,0.164096566742919,0.789208554364153,0.289824052932024
0.334189366346695,0.139232952748371,0.411691682319318,0.754505430350888,0.409184296322543,0.0578021966511755,0.134714228560103,0.701501230064891,0.370374357253719
0.0246780219356024,0.150539891850314,0.341043142586271,0.726251287380167,0.351095001289312,0.0449765834656756,0.116368438430964,0.84647661710489,0.277547313181629
0.0255021225347614,0.158672934854055,0.346971909459172,0.755905899733086,0.371751326184415,0.0372576326376594,0.0492241139269734,0.713117247967715,0.378649322771249
0.0290588392662532,0.224200663390179,0.323697815172678,0.818556366821813,0.377400462291813,0.0445393763905038,0.148633272149632,0.674317837760303,0.205903660993343
0.109336031866962,0.158119059717583,0.379851090488422,0.644008569830995,0.337514327677021,0.0358769197145722,0.11155411675227,0.686402538859662,0.360891511213796
0.379054160596915,0.181429505907132,0.375536494603165,0.705352426988912,0.280186471296201,0.0221976214549323,0.202605653624846,0.78944662623271,0.450617703866905
0.0202776158023822,0.141854730627432,0.409187120642104,0.673103654210494,0.371911956072203,0.0382212634263639,0.0995049601322432,0.809463477896753,0.334258850889037
0.0210130276428512,0.134077734690083,0.257428155921316,0.831284829660374,0.417744210400261,0.03816519317937,0.346038906261911,0.572683076650219,0.313868324451089
0.0158452114733366,0.156092126256979,0.37179635268105,0.65930042253091,0.329838439266105,0.0338958379451327,0.0296148032921818,0.664352637227047,0.445006517207174
0.0165652144623451,0.153652449578735,0.336033087983463,0.652260477397653,0.316307166863824,0.0405794375912766,0.147855602413848,0.611782849472894,0.442431508911499
0.0236296139499583,0.177153068635341,0.362029580696185,0.71655877591484,0.334127065785347,0.0383989288593617,0.0835590351231829,0.636021818613731,0.267267478024417
0.0175829583354766,0.146970523230835,0.360616321425351,0.675998467423584,0.346308479489286,0.0384708584996967,0.106731368750365,0.707807142247261,0.455000745357207
0.0266436590847041,0.148493264542563,0.351172431249291,0.717399878210095,0.375681497409004,0.0530499358519838,0.162470264755286,0.703485889421746,0.332008012480809
0,0.156041894049247,0.326666702670553,0.722059913394288,0.322118624228645,0.027249482695853,0.114459099390998,0.569006813745242,0.665141518338434
0.0141033849390536,0.159253093862835,0.361608313172471,0.697806147712382,0.276759044491707,0.0308182392240418,0.090349510342379,0.792493821180527,0.417959964470549
0.0241867964108116,0.14676185662396,0.327349311528442,0.743785206975721,0.349576142670174,0.0528995407090639,0.249517528573807,0.775824049637724,0.282709370017404
0.0888911662351796,0.221973071871138,0.328735409987289,0.417286234079706,0.222278535538026,0.02360447283643,0.533181742189664,0.211992812644098,0.501669637235002
0.243688860390511,0.0441025445791172,0.420532533827414,0.253191882094764,0.431481293598276,0.116334140243237,0.577594481421551,0.476845590379423,0.433933454056303
0.519522661459704,0.213426750912313,0.390487307665859,0.23647756481477,0.19012575746706,0.086452067870069,0.619065760526969,0.975365322840667,0.222446474598555
0.068165336567072,0.128703968630256,0.372458698396193,0.265535349357341,0.236794755943365,0.0879214479884037,0.545636790983798,0.934994361494412,0.437398113068122
0.0425817464098406,0.12868487911747,0.400804756335743,0.29860631697601,0.25884625232413,0.0888300614512975,0.514993256139935,1,0.41812325483167
0.0729645838172853,0.0491715580195573,0.356832220542793,0.160311562135047,0.604208816961026,0.392611021984072,0.591249768701308,0.643037967942024,0.341986710573787
0.0780280027895773,0.0845106352537077,0.358867692518209,0.157675972510505,0.50905728847573,0.292563658469256,0.624622547034379,0.666709983435611,0.239113118940061
0.0761728738535127,0.045882847894926,0.354702497765704,0.0466806599781686,0.307280922485224,0.306395146475266,0.689737271083633,0.375678753826122,0.336922845506184
0.0558238113380027,0.0561062741121728,0.331837545314039,0.126954148047239,0.284887396842202,0.25309785006278,0.628004092020474,0.170899927881426,0.421653556303651
0.0798491564137293,0.0722548453255111,0.336194736413902,0.171572456992074,0.221051462639067,0.116942304340069,0.67214043420699,0.343946200455637,0.303226284766232
