"F1","F2","F3","F4","F5","F6","F7","F8","F9","city","cityID"
2.96298211419615,5.20869117687651,-8.82279826129085,25.0849066244559,-6.25854964165963,8.61601954158248,16.3443909717331,-4.4715575672375,2.63775684616741,"Kabul",1
3.74789544284296,7.36981209817964,-5.85973080212654,21.4347371076379,-0.926337472104315,2.34393786955136,15.6960963829851,0.306644367635564,3.32594914004148,"Algiers",2
1.51763473286752,7.6877684217978,-8.49692871093668,36.1175156435115,-1.96356392886502,-0.965197751341606,13.3668853431189,0.595100543796036,4.92527343227446,"Oran",3
1.2441926945073,8.05098124989776,-25.9354936147267,52.8728048488895,-6.19069005657314,14.1973071708606,16.6640910651476,-2.55597103001038,5.06149668923846,"Luanda",4
1.49233458587859,6.12233110503245,-9.72224050695122,28.8103190969862,-1.10018970273289,3.5978294157841,13.8829742927885,-0.0875985356656579,2.40854904484391,"Huambo",5
12.0099761883246,18.4030925862049,-1.41274453939277,48.6705145685088,-5.24428737562283,5.71188359035505,15.5881278979808,-1.24836068606273,8.69136653710001,"Buenos Aires",6
2.84585703783639,12.8796302942041,-6.34759419102114,41.7512299946933,-1.99280011254811,-4.40862595647661,14.5769929346048,-2.12210331380205,3.62391289779341,"Cordoba",7
5.73168417419038,7.86735695048839,-3.71827454827511,30.1855243725939,-0.46187321051899,-5.0441201583959,13.1208869028886,-1.36438116602793,2.97556694065981,"Yerevan",8
2.49204584564202,18.5093237982321,-10.743263769835,72.9036250438057,-3.38038818097602,-1.96275056657569,13.9905777676061,-0.468774035555173,2.87059644844287,"Sydney",9
1.96234317138659,10.8769189064931,-6.90771251682556,71.965290099807,-1.36038889989725,-2.50754288578784,9.60315086386856,-0.868034837955679,5.6672670727491,"Melbourne",10
20.8039820336423,9.38302488439261,-3.24368074308089,65.0607038666161,7.68492204145583,-4.91377005182528,10.3104995559652,-3.91885118168435,3.29828753518713,"Vienna",11
8.5874836351259,6.90827494945254,-2.75131471447642,28.5013247385424,-0.974899951459375,-0.0469606638816833,14.6762062109284,-0.880435826344493,4.28323198977773,"Baku",12
2.03190537429656,7.62005122036783,-4.19252094226922,14.1192000047681,-14.247869957033,33.8816223074004,18.4158436810685,-5.88020202447079,2.32352308268365,"Dhaka",13
1.349025822219,6.26752108735176,-8.69263856297523,29.5822301287313,-0.533401645198539,12.8635358423549,13.99719037468,-3.86643759870155,0.833562138227188,"Chittagong",14
12.3929918649333,6.80721321347844,-4.72467405956428,34.129086238546,6.55506112746979,-3.3675494306802,14.7526965398,0.797400012776427,2.77546463684986,"Minsk",15
10.4877500939077,10.9935060705082,1.27377817360337,67.0801277548429,0.397906382125719,-5.39153851923598,16.4468149190384,-4.8631414020872,4.21028842974232,"Brussels",16
2.297699122772,9.9337202334776,-2.21639879465509,67.5797123104332,1.90704832209525,-6.13213559955809,12.534813794999,-3.48511061064169,3.41399619121709,"Antwerp",17
1.37312738058751,6.50785622143296,-9.52221929518678,28.6189959304962,-3.84499032176455,1.87402621310061,13.9560569453772,-0.697287544409069,3.37327864496343,"Cotonou",18
1.49490244768577,8.68193642420668,-9.14728480582765,33.9730295044204,-4.62738095702217,-0.240326840433217,13.5078383366524,0.0882998685906202,4.53155006697358,"La Paz",19
1.82044898129626,8.64716572882539,-8.23515760566022,37.2634383504561,-3.24715553429704,0.993475948775145,13.5239151578444,0.866172328517722,3.4710582410573,"Santa Cruz",20
10.4785653714541,27.8878326569919,-2.88500277128408,39.8126482254594,-8.30344084543019,13.8119906268584,17.1363039147405,-2.64265354167204,5.49985202872216,"Sao Paulo",21
8.31951710613295,31.9360785683387,-3.75169788868727,38.8058916091339,-10.9954875987816,6.01902134585848,24.4626653716028,-1.81317263370675,4.69444560282768,"Rio de Janeiro",22
7.17132314537213,36.6236589227862,-3.0703307519781,35.2646183621717,-9.32133793781883,0.985301533787021,15.2437976409437,-1.83838318794441,6.28439195929413,"Belo Horizonte",23
3.9888011636006,15.3551580369737,-6.27368064663503,40.703117037959,-3.17486405742729,0.880003076031785,19.2126899179254,-3.13755556737484,2.23807822507613,"Salvador",24
6.15777869732938,26.3598618755063,-5.90009165196081,40.4252112191048,-2.79253549156855,0.892159483193939,10.9291520323619,-1.48467884267621,3.38638341978815,"Brasilia",25
9.28227016316156,34.5896779335052,-5.1648128905835,32.2531836129851,-14.037282809019,-0.645545467550698,19.9776498081037,-2.14134343490045,4.9482010297873,"Recife",26
11.9517020873698,8.75261869946568,-2.9690154412811,36.9195006115237,0.490901643389127,-3.68342816978256,13.8698176317802,-3.37285783007164,3.04250277799689,"Sofia",27
1.66782544674021,6.07333431372,-10.8153009654786,20.5881571082203,-1.67895240391655,9.8875924232977,15.651122782996,-2.16050257333923,4.38655151032159,"Ouagadougou",28
1.5997034812003,7.06451202403158,-9.38532318431142,29.9626673901908,-2.55896246037245,10.1627064945704,14.1769919021027,-1.93529434679819,2.37138016240736,"Abidjan",29
1.24484795356759,5.00617553251021,-7.2759815056643,23.081978161111,-3.18974352874032,2.11165366375221,15.2521463943204,-1.7325694381139,2.39687118195076,"Phnom Penh",30
1.538904506206,6.18172272781119,-11.1043129354707,24.2451307746288,-0.300270251011931,6.12587362701383,14.9510449961778,-2.37284736049147,2.84084298521406,"Douala",31
1.50440970157537,6.36264895626068,-9.16427383143754,29.3900420444598,-2.2985989509461,6.09330144706218,14.0341688093409,-1.79814059657925,1.72091647728623,"Yaounde",32
10.4127725886451,11.0724338317681,-3.49195020138471,71.4038822497753,-3.61776447192459,0.387131939633865,11.7051101181901,-0.567765670276107,4.0269732890358,"Toronto",33
11.6209015635918,11.5970553612212,2.77387232587194,70.7281465320054,-2.02342720461332,-2.89364163826258,10.4172943229729,-0.852209881006571,3.35582749263303,"Montreal",34
9.04338744827907,15.4393976505272,-4.76747937048606,67.9791718474928,-2.68184655888559,-4.12261514819212,13.4820617924004,-2.52219166974483,7.05860261780586,"Vancouver",35
1.91175367686394,10.6989938308347,-8.44716026576766,73.1125575391078,-0.152215799462041,-4.97921744835773,4.54015828679649,0.118269867215258,1.74279641433748,"Calgary",36
1.56745701032674,10.7219537884165,-7.95553386149643,72.3608941624188,-0.956991000379514,-5.5349125588573,1.68505056697029,1.36626809202265,3.79139147868061,"Edmonton",37
3.10447624407021,44.9857678430533,-6.94643413546829,68.3994217985623,-0.35546655591641,-5.08006824674983,9.38168554040544,-1.33533553177063,3.30215544319007,"Ottawa",38
1.22252804030205,5.10480165523211,-8.74922496808906,29.339126283625,-3.70881262899014,3.00781140558278,14.0233547800329,-0.867710955121711,2.52968078222854,"N'Djamena",39
12.8672807884475,23.4134030012732,-2.86461472620924,44.8528482355318,0.102374484500391,1.06317848848376,20.7259661175423,-2.31646543827556,3.96725517342454,"Santiago",40
1.16872823012431,9.54432866826112,-7.61279754456395,49.8546058173695,-2.80728698725373,-5.16530595376986,12.7848502510534,-3.91266937671661,3.15593918723869,"Valparaiso",41
2.47424417777193,29.5189761222877,-4.44206872508677,42.3308827572629,2.38484235867281,-3.52879976028365,13.4446391486541,-2.44772598853966,1.48952637880233,"Concepcion",42
21.0852203166709,8.39101680858229,-1.69726774649305,45.2318529768088,8.73551271755139,39.3786659775357,21.8808712957933,1.074371748369,3.93507439387899,"Shanghai",43
22.4641672692618,14.4630152056708,0.899212343571946,43.6948542304505,5.82924500543145,31.9387850708891,23.5981987579508,-0.285052599896834,6.14214945716034,"Beijing",44
13.3811759806593,12.1072353931416,-4.28099740845124,36.6454691442629,8.15979680983809,25.9339716552563,20.989020609035,2.88933006332225,3.06438566841808,"Guangzhou",45
12.3538554425558,8.12186985494927,-4.73037215614002,40.1703234171725,6.83728728056555,27.2591706926234,20.0348995502256,0.157137554242831,2.34705484631941,"Shenzhen",46
13.2380460195571,11.4298016251313,-8.09920665076109,38.2791803443747,6.38817547429138,19.4856429775021,24.5225060045835,-0.479292908277835,1.23997193030127,"Chongqing",47
9.27871104151623,8.41099307813063,17.6724042725294,40.1448522679519,3.35924864344831,17.561685268819,15.9817186563516,-0.211597932356565,3.23122828367894,"Wuhan",48
9.39356093414871,7.71482485005935,-7.90689751778796,39.1604310762173,5.62892591517485,15.5498786695537,18.441100951798,0.466015336873755,3.82180260059636,"Tianjin",49
3.12498010959167,8.19757343412765,-8.23884088605479,39.9299297359621,2.73766105780317,16.2661782763116,16.4662889228654,-0.380854790386539,3.83298054167079,"Dongguan",50
7.3284881053678,11.647356118921,-0.858212329811905,33.098136483139,4.9630790231712,14.410747821805,20.6471712446674,0.590426148788691,3.62212470927987,"Chengdu",51
13.1704687205277,7.93340819962,-7.73760174950682,42.6847921410008,11.1319707456852,12.2451216860167,16.6509727591212,1.96804514871506,1.26742328850923,"Nanjing",52
3.45164054423636,7.84304074652345,-8.28337149607239,39.8667260758857,5.28256615378848,11.3855626232976,13.2641762169926,-0.0469838708350636,2.31382630375485,"Harbin",53
5.76923381175209,7.65707358721285,-8.16183621764928,40.9728056807681,5.49108829490357,8.49930729780656,16.7144789182313,0.645498181548879,2.8424893834001,"Shenyang",54
5.87510403914789,17.7501796959085,25.0845697951514,42.5268561262988,5.02360045677593,14.1100015700717,16.8852085918848,0.618012575914505,3.72269060632291,"Hangzhou",55
8.3252468561776,8.52164827123532,3.64822733343698,39.271479187956,8.90280089341008,9.64312768845206,14.9895305982361,0.019292746425549,3.22383003618306,"Xiâ€™an",56
4.4770687905552,15.9470401611588,-7.76907969869735,40.4080663207475,4.6891987419976,9.78396530281584,13.1981336756519,0.444855572054737,2.85754521238063,"Zhengzhou",57
2.99571995879273,7.70026076525893,-8.44344290483627,40.5163616670763,4.15156529010907,8.26678518320464,13.2269939791527,0.0138050459411093,3.08645933158702,"Qingdao",58
6.77234754081999,7.68034007602746,-9.15192675831518,39.4693507510153,8.28372406241632,7.01012822653501,17.8876321675901,1.36132378786926,-0.0706173196050013,"Changchun",59
1.91457036771621,21.7147170693601,-7.86642336654125,41.7748563751995,5.90642486965701,8.24107672666816,13.0805522186982,0.823607092133615,1.13706220166943,"Jinan",60
1.84194651496842,8.74358616591102,15.4128615839373,41.0026452753036,6.60660542320625,7.54253070310603,13.0733018875724,0.921817022912018,1.52371774222525,"Taiyuan",61
5.08270061650727,19.1075135691576,-8.61385129909888,41.6813423786543,13.8685120990344,9.00998534523378,13.9452301209879,1.26111409850708,0.479518846321542,"Kunming",62
9.82249071166033,11.8739104127117,-7.94143118538726,40.6118153839516,3.15684111547453,5.54709103348124,13.6805656674185,-0.412534847656362,2.47345692131911,"Dalian",63
5.71506962560596,8.11279479497451,10.4871971138101,35.4447209755149,4.47672037972588,10.1750599069368,14.3770533586711,0.704180448256114,3.46303727817095,"Suzhou",64
5.57149357016242,8.08496612821781,-6.24568131536088,40.9762648595783,3.90483488814625,7.78777098976809,10.9963786862225,0.0294938723538628,2.44273189674662,"Wuxi",65
5.88290117607675,7.78174667584144,-7.56447404134816,41.9690160805938,4.95457849414769,8.02416125798998,19.126773592293,0.456205110141373,2.03379763108505,"Changsha",66
3.36096655170356,23.566223143221,-8.63189070135763,40.9435562644443,8.24676364413566,9.22087064930293,15.2202427873447,1.72747508747929,-0.801727593167276,"Urumqi",67
3.47654956171749,10.6920744705583,-8.02700387767961,38.5739362822734,3.57758420190206,7.33939871131578,13.2116326909918,-0.329276259321888,3.29598061239137,"Hefei",68
3.58985359035285,7.98958726087728,-6.56533909960696,41.8968461725446,12.2370928943187,7.99676123087432,16.9984199116432,2.02433351955693,-1.82359964927364,"Fuzhou",69
2.52751206032174,7.64502974160055,-9.9713457529538,40.2963438560018,17.7443735831307,7.25890277294035,19.7257076848193,3.24306823839833,-1.27890501484881,"Shijiazhuang",70
2.1542148163502,18.2354851387286,-7.64247261402825,40.1125538563423,3.78330989297707,8.78814498327969,14.8738347416414,-0.470332147164657,1.68358793797487,"Xiamen",71
7.78072727845827,8.32849659906542,0.783457948806044,40.4713156961193,6.84010683168695,7.37602465513794,18.3609891123889,1.62561320248583,0.925325660347107,"Ningbo",72
3.80866211916001,32.8237971197571,-4.1169228594483,29.6931157122164,-6.86644968766207,10.1503993599508,17.3244075354575,-1.5365874611297,3.94332077434976,"Bogota",73
8.84114487718912,16.1365146420711,-0.291729427048556,28.5840590346486,-3.99107183316553,1.67405230521366,15.8890244104774,-1.81484243673112,2.5035154606337,"Medellin",74
1.00818377141473,7.43800981268636,-10.4116371867108,23.4779810338319,-4.84892873182002,21.5762484486868,14.6135940305124,-1.68591347350944,3.93435512207093,"Kinshasa",75
1.33128696714561,7.26443674734733,-9.80718196900853,26.3248130299874,-4.47550832158036,4.83477593978059,14.0272629046846,-0.911099482137376,3.00130187875904,"Lubumbashi",76
1.39812672388714,7.57949687963152,-9.36408952536131,30.1936932234639,-4.77148040988395,2.24833995155513,13.9212073478693,-0.946812635113294,3.67871937969876,"Brazzaville",77
2.18413264959766,9.95014341128965,-7.64823115308438,43.2962369129483,-0.124515877916157,-0.825988278356073,13.6985919125054,-1.25286244203638,2.65075702141176,"San Jose",78
1.2612014389148,7.74522084723663,-8.46379267572144,41.1180803672938,-2.87983570722125,-3.56611267578945,13.4182006388737,-3.03718416565315,3.79528950900817,"Havana",79
22.2408957446084,12.5458502806044,-2.84337837698089,49.0433414292724,0.703520052298404,-5.71079769292801,12.1248283029367,-3.66539120503897,3.24133404109256,"Prague",80
7.2010578371393,10.8516103025903,-8.79967457259674,75.7925165372888,6.43460165423905,-6.17509905854354,8.55715041046495,-4.84785010242532,3.31103433980668,"Copenhagen",81
4.85414082360776,9.94372746407117,-7.12928651199739,30.1110987459209,-3.33001663430188,0.929518957411082,14.8001224474267,-0.783136702108311,3.73822445947027,"Santo Domingo",82
2.02355643232784,24.1117012765036,-6.26088520119137,32.1750889466933,-4.26300563499087,-0.831820180698205,14.0530065056618,0.336197151862274,2.57218629043491,"Guayaquil",83
3.72865267011607,37.5030941392731,-3.17850425146203,33.1824240764579,-4.32391116753347,-1.26432214171999,16.6815189534389,0.733699312062277,3.89606101644743,"Quito",84
9.04322541462464,6.64593106650254,-4.35356972428976,27.183092418735,-8.03376112643537,11.5875592209128,17.8650223354962,0.749417718629121,3.30063931378079,"Cairo",85
1.74966465549942,6.36820079647406,-8.59332240292381,35.9276678812551,-1.32768052849932,6.19941319480942,14.1974849532165,-0.0690385823883179,2.13639002296532,"Alexandria",86
1.61984857011722,11.7745287001494,-5.41227676547161,27.4641980605118,-4.21328140924865,-0.192511081203796,14.2161936496741,-0.730546321095649,1.88856802623408,"San Salvador",87
2.48015786135397,5.58666897773372,-8.15681565665374,10.3178695452344,-4.46370062766266,6.71295519215278,19.7746612651077,-0.936644501203293,3.77357941567423,"Addis Ababa",88
8.98772908671053,20.3143734656464,-10.0835751873149,70.9202292810662,3.79971966305003,-5.79151419498663,9.54444090237501,-4.57177977498366,2.39569874395976,"Helsinki",89
21.7216446121239,19.6509504694146,3.87747637033115,66.4152341960498,-1.8997209799792,2.29886424844073,18.3932564009815,-6.0608326272112,9.74284010771459,"Paris",90
7.98521729434492,10.7861576299695,-0.0786914199749029,57.3501362699867,-3.5929886220314,-4.28770933325415,15.5620525817517,-5.14468535021708,2.62523229474163,"Marseille",91
10.7206135610062,15.3301975810411,4.86659414103968,63.6783246150274,-2.90192916159348,-4.15452535908682,12.638036295047,-5.90314755323388,7.05920796985203,"Lyon",92
12.4668184184017,19.22949263672,2.87195934184458,59.1757828809492,-4.3553141406193,-5.02208366856014,9.69489278990716,-7.00247360321352,7.00969867603063,"Lille",93
1.49784000132366,20.8728019033692,-2.2217958819839,61.106530706722,-2.09052648539595,-4.66279720418292,11.35609601953,-5.73505039619789,3.52703302637263,"Nice",94
10.2287508533983,16.2716572808439,6.38394820232279,66.922466344277,-2.26002938552228,-4.18573313277189,11.3582824739759,-4.78595425474091,3.80288264138705,"Toulouse",95
1.03467353249704,10.1508713799847,0.423751967674235,54.4677858184103,-3.72920859729462,-4.93345071847721,13.3246404556598,-5.09345079153624,6.4653661827704,"Bordeaux",96
10.8124536899889,6.4443252398054,-2.93359460233104,28.2218147567699,0.38101723449027,-3.22046705842122,14.0733047408211,-1.70498303387478,2.44837056240666,"Tbilisi",97
21.032669471198,11.1594861485544,-1.33243349097144,61.2314675047362,2.77661157281936,-4.15089961583581,9.9639848434219,-4.04755481937822,5.58353955391282,"Berlin",98
18.9433280828634,15.6016433622241,-2.91420204033978,68.8195055262826,3.60118381344823,-4.83011111335099,10.4538128600413,-3.43749928313512,1.24156132070722,"Hamburg",99
19.1417891489266,10.5646754910934,-3.11934106374194,71.412688918812,5.40488012593867,-4.92385832276356,10.3235213080705,-4.31413173710002,3.92189197421706,"Munich",100
2.64235005381756,9.29190149037745,0.393263968184721,67.1380575844198,0.974145176367192,-3.91900532095169,11.8605548325235,-2.33914729309636,2.84349910794354,"Cologne-Bonn",101
2.53376004649466,9.73842421929258,-4.73623642665002,68.3522883442871,6.97469979806751,-4.37157392424525,9.25232635692048,-3.32130683515121,2.74010775073626,"Frankfurt",102
3.32382182553519,6.18189090300152,-11.4175518273641,25.1013967362836,-1.97844198534555,6.14792121305464,19.9762730188577,-0.816495402124211,3.91044592201642,"Accra",103
1.60773072852164,6.52415452874288,-9.13526340767965,28.3220097088928,-2.36574867731888,4.80218615081529,14.9034710376902,-1.61603030033249,2.47434768336412,"Kumasi",104
17.9987645812314,10.2071863080403,-4.88141368508549,48.8635150965347,-3.17124937247486,-2.53461896033596,15.2004951253956,-5.94038424512465,1.69204900085138,"Athens",105
1.70837294990899,8.80305716681396,-5.49628601167884,44.5161083635756,2.41786882706929,-4.08202292320339,7.67404863269758,-6.10638765999339,3.60687970177718,"Thessaloniki",106
2.3353659313684,16.6067090323603,-6.68511876680585,21.8646153931473,-3.59772965847912,1.13035804414132,15.1712474696725,-2.59940280899357,2.72509315128717,"Guatemala City",107
1.33425149522256,6.24653573884671,-9.73122339603173,27.1328909650315,-3.50770205763371,5.14540225988688,14.0406061845326,-1.00541787969706,2.58972464339408,"Conakry",108
1.42662471589546,7.73712057012436,-8.47028728063206,30.4249415408421,-2.57416175794204,5.59771378777543,14.0228571390402,-2.19275264456327,2.24188906266701,"Port-au-Prince",109
3.29164880943397,8.76212885720847,-10.2903415793478,31.3631843952928,-3.62699395449688,1.00875581656556,17.3073450668728,-1.65915650061724,1.86198584761942,"Tegucigalpa",110
25.1228357043546,10.5526532957353,-9.83410456914483,66.5952257186793,4.44485971704018,2.03708110569152,18.6793357808017,-5.18558210231004,-0.409287282225757,"Hong Kong",111
16.6616201216052,9.38579152646163,-0.982985615965375,43.3351300059526,1.72416029111078,-3.87727215798026,10.9955620255102,-2.95684830817144,5.6626770967509,"Budapest",112
10.5808908607843,7.12553208445106,1.58087597037984,22.9226788466648,-7.34727964810629,42.9947033148877,19.6120560501298,-2.2697258229144,5.7820596822478,"Delhi",113
4.48265480926153,6.10187433335026,-1.99232504832032,22.5844496363581,-8.40861290887038,29.8120191872529,20.8999851505122,-5.76106831482916,2.34854219567565,"Mumbai",114
5.74765049689321,5.96707528372147,-2.21397601925708,17.8670500400135,-17.6386470932202,16.4934613608648,19.1687974759542,-5.57959816902849,3.63401625923134,"Kolkata",115
3.42960985963209,5.84758022288624,-3.6470001149986,16.8495976774373,-4.33681352812117,14.3214966588675,16.6273612101819,-2.49648654112885,4.26123627995796,"Chennai",116
4.39918209555003,6.09023181872456,-0.583026348619017,22.5061372094625,-5.88473867570325,17.1336950811838,17.2324387580129,-3.01709408234929,4.83969796797138,"Bangalore",117
2.51009431154193,8.70434377708554,-3.28517346176491,16.6569738973681,-3.23581820487397,5.16419235361389,14.5272212262388,-1.97592575230607,3.45412300425326,"Jaipur",118
1.81059787041585,5.90742124709108,-1.3283981386984,20.1040075238057,-5.10895390206367,13.4916443832493,15.2152287489172,-1.74442361142506,6.7314080107545,"Hyderabad",119
1.41075189564664,11.0504915604172,-1.76852744551228,23.3778435698344,-6.8664741693388,9.96099940608326,14.7989526885203,-3.95547177966083,2.30017605561643,"Pune",120
1.69045650779024,9.36107661692653,-3.27097661169509,18.9050524405235,0.42680679322852,11.4590689669835,15.1104400120701,-5.02279153637283,1.50187848224327,"Surat",121
1.52175379809296,5.74628906684685,-3.25716433665207,17.7350774048803,-3.21198563650412,4.77314993109423,15.3184294396586,-2.52963368646845,2.80065853992288,"Lucknow",122
1.7525668379962,21.0452633116554,1.02267850248628,21.8623430218412,-0.709313471784185,13.5617573855445,15.1035992589294,-4.51432176315125,1.43274345473248,"Ahmedabad",123
1.67817304143266,5.97788490769073,-8.56781829607162,29.0875820089316,-2.53176354120114,3.98966081041491,15.0986359460785,-3.24027492529449,1.44137830394264,"Patna",124
3.46591940902372,21.619620534809,-5.36364344819045,27.3052148617206,-9.56072543035851,15.8831230627303,27.9924025669944,-0.254530707968756,6.81208741764713,"Jakarta",125
1.81426078455241,6.01233921693784,-4.89538668085616,24.3718839471422,-1.71450722729553,2.59133922563168,15.5782412711556,-0.78741092897473,3.47905988615858,"Surabaya",126
1.565789273508,5.75410261415219,-3.91739480372495,20.7310202607578,-1.35295022168323,3.25554977512838,15.7767439010666,-1.0882552989736,2.30463042320314,"Bandung",127
10.2502801394125,24.7404818122154,-4.88218545620551,26.464731925574,-9.73092441571417,4.92642067917532,16.4219211535399,2.30337224847623,5.18244865675999,"Tehran",128
4.67145200788295,8.66689363483759,-8.17998776326141,37.523057863868,-3.23565108374661,0.68145339801698,12.8076124958219,1.94322624655478,3.59625412794823,"Mashhad",129
3.26278948749622,15.1282656449806,-7.18090362032169,36.7054201060767,-4.69294808013934,-0.535392615892345,13.0877210413789,1.64452531684097,4.92034684448971,"Isfahan",130
3.50184393708052,20.3140444301178,-8.1203446902624,37.5899309495147,-1.30403679330967,0.0585529446387841,13.7097599390978,2.10802355628683,3.49911103807616,"Tabriz",131
3.56943118124245,8.56332614673254,-8.45476537356637,36.3609448771902,-3.27102171317858,-1.47906324643106,13.056197862571,1.61607831608451,2.8688580888341,"Shiraz",132
1.83315964509595,8.13549153093986,-7.93429078312737,35.7670918513479,-5.79221667069407,7.2065606400175,13.3997152443633,-0.313133087049248,4.80437703415936,"Baghdad",133
0.769654251581472,7.24098569925057,-6.97318097055831,36.3833596958096,-5.52164793190128,0.381678929185295,12.5315498071468,-1.57072805792572,6.79260009376065,"Mosul",134
1.60495082939518,14.4639298440527,-5.59708360175329,68.4737129542718,-1.9362456991472,-3.34725783360276,17.1673210735013,-5.13012413637893,3.5879242255354,"Dublin",135
2.31103087285582,10.3407114770316,-5.67128570893844,66.6742498135132,0.602763334313559,-1.75952041985242,12.0781636787955,-4.92855383954992,5.54322200185007,"Tel Aviv",136
0.95662661300111,30.9167471014592,-6.5959725353207,62.603751841584,-1.16857324898288,-4.45908715209668,10.8919957674913,-5.38993678636085,4.41845106242605,"Haifa",137
2.91003079720539,9.40996487910978,-8.73032053590669,62.1032950065761,-0.43667953444643,-5.51101727045319,13.5477149838204,-4.50180138289093,4.35209238825982,"Jerusalem",138
11.4799470427939,8.91385476125112,-6.94483228878733,59.2420361622158,-3.11309451237846,-3.40968602070166,17.7171941391656,-4.39488458392129,3.17533959339846,"Rome",139
12.8057367711426,9.1366024805607,-1.42125243849414,64.4899988380406,1.57581080481563,-2.76589463848949,14.5962619082151,-4.81343599485572,5.85815667179656,"Milan",140
4.78371326335374,9.70813413199133,-6.12352795967084,51.2845198892457,-5.47002788106131,-3.45005914131341,13.3314764401573,-5.9527868101003,4.16781690450386,"Naples",141
4.7390550603967,9.40008064488235,-0.639244907075389,56.1165467210576,-0.310282306694922,-4.18694591463225,9.4352252023846,-5.27129737573068,5.58167448346805,"Turin",142
19.5251468594913,10.6196382888595,-9.14668897444364,72.4113653222837,3.59938528131252,11.5147529959806,17.3437478069614,-1.33770988991776,8.85112199128128,"Tokyo",143
15.8900631193095,11.0223591043215,-4.39569954838063,53.4639355386584,-0.358879876916415,-0.136368329285438,15.7030531732631,-2.09789596647742,10.2921021832851,"Osaka-Kobe-Kyoto",144
11.3186177471674,14.9906464220887,-5.40156306332389,56.0755691034101,-1.45216535850132,-2.89294698953367,14.0451109244722,-1.62609942830625,11.1679813060416,"Nagoya",145
8.91926867846418,10.8384041250004,-7.11272217318123,51.6745829186235,-0.324747167435359,-4.66735316455017,13.8037389234619,-0.329485384935064,3.48275665805296,"Fukuoka-Kitakyushu",146
11.1596573664634,10.8699478548918,-6.59731902662652,51.8709036857278,-1.47347115109566,-4.6113612467481,12.9348852076791,-3.20637989858117,5.17210444930332,"Sapporo",147
8.55937684560417,10.8063535833734,-6.07607186307385,52.9612657929689,-0.973375330877851,-4.75670361367226,12.4332796597021,-2.79904610218123,3.52563491066603,"Sendai",148
8.14414250957072,10.7286369997215,-7.48042714976924,51.2744672375674,0.763611763860895,-5.12246957613987,15.4683120021766,-2.91983663593176,3.62495356136674,"Hiroshima",149
2.17750269946746,8.46720816406085,-7.500303207493,35.8846577274046,-7.33890340404177,-3.29211951134277,15.5334734912134,-2.12231124704321,5.54971582889904,"Amman",150
3.08594740609345,5.96012400678895,-4.47100975681031,31.0432717891109,2.74987214159587,-2.58033359085987,11.8587882580447,1.44090188479905,3.18199336552782,"Almaty",151
3.67666446028412,7.78276543730077,-7.88323813037977,18.9569142994886,-9.63949121005986,8.63359775215056,20.8839463033447,-1.31696354426238,1.2304371891283,"Nairobi",152
3.0898796090944,7.03282191387744,-10.9478916541585,26.3225006203684,-2.23741232751879,2.16074873046469,16.7502509776317,-2.41777317900099,0.75362545837579,"Mombasa",153
2.08871096835676,9.58200041625695,-11.8723432022667,65.6253576499992,-2.31800083874009,-1.79509459108031,9.05549310587724,2.67985253031252,0.493080736355454,"Kuwait City",154
1.44849290217025,6.73807314274911,-9.05838454560931,32.9237616156786,-3.57535577257894,-1.32355268289807,13.5459542763526,-0.144223144653939,2.93764588809174,"Bishkek",155
1.40535554657225,5.77163950620692,-8.46954245551771,30.524016990353,0.391530714900698,4.19092494913583,13.9111628643191,-2.63083485672025,1.69146815113993,"Vientiane",156
0.438729752378444,8.8816228239754,-7.79746666471864,41.4345679269704,-3.14981839625672,-2.6843343206146,14.0973499417416,-2.29906621556317,9.80749144239078,"Beirut",157
1.66774824638766,7.78563488731969,-8.88933494311651,30.9014089790283,-5.18511501794477,-1.23449948715939,13.3492529546199,0.167923471113551,1.40618910856704,"Monrovia",158
1.84961402577372,8.32836398268484,-6.82042139913476,33.2513606509299,-4.07532687840449,-2.77355340716981,13.4950319011141,1.9765989534884,3.34638034474965,"Tripoli",159
1.37360350652304,7.08506323327318,-9.19567133507358,27.6718910734967,-2.70344682540553,6.76819772260872,14.0173892300698,-1.41091715179378,1.33688728004879,"Antananarivo",160
6.52103217829425,8.55099146017039,-2.38341333873714,41.1234109208133,-3.83772747105004,1.24484241386371,15.1805548125331,2.11036713490123,6.22974040994781,"Kuala Lumpur",161
2.24405365730482,8.19269295801661,-4.88441834718129,36.5258828507283,0.0642937776134649,-0.777159367437,12.7342188582524,2.06791425592586,3.07889578364557,"Johor Bahru",162
1.5465736947228,5.85140913269523,-9.49258492730511,25.9989670485327,-1.88102467135099,7.08091522240095,14.5196216474271,-2.59911056732162,6.17545028022673,"Bamako",163
1.43260616579183,6.47940823924276,-9.7623922335088,30.625167669697,-1.93233418626522,1.28731605225968,13.8969909678388,-1.76462646445082,3.67971819771091,"Nouakchott",164
15.4759318299413,18.0108731781876,2.76831539060429,34.4536414180192,-11.6072103436617,16.1995457886704,32.6321148180428,-0.684108358184919,8.46366432486585,"Mexico City",165
2.65497194549665,14.065518020751,-0.927407612243704,30.2644805867548,-1.84742852129933,1.70786894193224,15.3399622270377,0.779775529903395,1.49216575715694,"Guadalajara",166
7.07913914682521,14.7948342689591,-3.26787634138148,34.9729510652913,-1.21117077272511,1.60074333887336,13.6563665041192,-0.973419313314798,5.8840796872509,"Monterrey",167
2.28412028879891,21.5535324073722,-8.3463703937895,40.7170366978824,-3.15617544234441,-1.0839486040093,14.512225697008,2.79008069737301,2.00078109908834,"Puebla",168
1.9973375247819,9.40803612297099,-3.17969847129656,33.3400200718849,-3.78119346376785,-0.987175496102807,14.0678302819347,-0.281171849811733,3.62384747721833,"Tijuana",169
3.21757584549571,9.49530311644162,-8.84736352098313,38.9301771120078,-3.72140748517786,-1.24401605939575,15.8594046353769,-1.02821021582808,3.16822460708625,"Toluca",170
3.06644016371854,29.8923685674084,-8.64978880990473,39.6226013448889,-3.96934254385345,-1.61585515909155,14.7531236299179,-0.835704185834614,2.8671898806304,"Leon",171
1.96690407113112,18.4660957478919,-7.16204203964944,40.5714727556979,-5.8699070074854,-1.98270843203307,13.7888820554777,0.142917339424956,4.79050647069661,"Ciudad Juarez",172
2.95907776838811,22.4943253697785,-7.57010958987093,39.9618419763617,-4.31144096744402,-2.73166999224685,15.5641976306755,-1.29411196627191,1.84276135632997,"Acapulco",173
1.31179848931504,21.4359541873716,-7.81633482920714,42.0396284347153,-2.96186803811658,-2.58285762473187,12.5243648866153,3.5591073023534,1.66169031942379,"Chihuahua",174
1.38884928922898,7.01686990429682,-9.00262800972959,28.9118859214423,-2.01790065868605,1.15858053468725,14.5325543861978,0.50156206547173,1.72570547789111,"Ulaanbaatar",175
2.03799125632531,7.29108373715299,-5.5929520534809,24.3787568889349,-0.637241044334775,1.77209917633827,15.1569799014391,-2.39126644604328,4.62833847133015,"Casablanca",176
2.11175092144349,7.04996791710885,-6.40470223945343,23.5770827249691,-0.0980390907330579,-0.0530057310686803,15.2733604962082,-3.66464538039241,4.36026271613793,"Rabat",177
2.62035744682955,6.89254851472527,-11.3659255541535,24.169376043262,-4.88985446399365,2.38910531754833,16.1077186154699,-1.20821788884819,3.19455808957717,"Maputo",178
2.47188368446942,5.96611526558796,-10.5373645935712,25.6428431764982,-0.586000766615347,7.67932739619476,15.7975040678033,-1.46723764066645,3.62853215242869,"Rangoon",179
1.38429164948203,5.92525679866761,-9.07548238468957,29.0791471055494,-0.988929698424662,2.93688113759199,13.9080586227035,1.46460578592593,0.331827847356377,"Mandalay",180
0.853118798287854,4.26403176717596,-2.42290222289535,17.2409707782964,-3.34160360631265,3.93607705103796,15.3152355689747,-2.87124138426243,5.54874813513231,"Kathmandu",181
9.38665965621886,24.0206400932674,-2.38275118566879,75.8224504249806,7.21591070635016,-3.74564302811719,7.95991032199552,-4.39433592195799,3.1274659239066,"Amsterdam",182
10.4244525329762,11.0046474583646,-1.2739555597709,66.9706440495887,3.65417279513378,-4.54067219299594,5.70297619047051,-4.44248305417632,4.30241231590248,"Rotterdam-Hague",183
1.51289110385858,14.2510826207108,-9.29262643265812,70.6729785194925,-2.97542804210591,-4.84011440066783,14.1282153684334,-3.17919406842639,0.759614428055792,"Auckland",184
1.44902196839372,7.10145715319759,-8.69792609358224,34.0591194928607,-3.15613089529471,-0.464717501992825,13.8187099028371,-2.14967717062526,3.10681086256206,"Managua",185
0.758347921259051,5.05184685152058,-9.71124825202738,24.1612040696426,-3.93120988553592,5.68382124982384,13.3835737411045,-2.76053507558065,3.71530332329927,"Niamey",186
3.79395642746285,13.5801738331565,-6.43540386601504,18.4870678366463,-5.34457867178572,26.3360424123669,19.3892363410534,-0.418725931299742,3.11488363711718,"Lagos",187
3.78737062400308,7.89493797329232,-10.5427187355874,26.8992196018779,-2.33857487827514,7.96000613069036,18.2090463963726,-1.11992390856594,3.04502620263777,"Kano",188
7.78702896407781,8.64149615911278,-7.60523764804361,39.7015552792553,-1.81547217205924,-1.08339774719187,13.329330234177,-1.29829830202472,0.695882693970225,"Pyongyang",189
21.9472568959572,12.6388339437648,-3.75179586503474,87.0137859075665,-0.689862791131161,-6.49206484244146,12.7774870228548,-6.12860054677534,1.90626372324533,"Oslo",190
2.62449143730671,7.35747109912291,-3.92094579713112,13.8309426252336,-5.82084919984071,27.5649204699573,18.5277627588023,-3.07387580292893,2.97064721999696,"Karachi",191
1.91814706840289,10.1260670933269,-4.41612923613568,15.9149633074021,-4.28561862064418,14.5241813846446,16.9117719054644,-2.06604591533696,3.99978933656063,"Lahore",192
4.41599767200475,11.5241341626198,-8.79757684215391,41.7117694628042,-0.752799579861465,-1.55864204972634,13.5732528794627,-2.19056131644797,2.86273478716186,"Panama City",193
1.49041983727847,7.52269158084604,-4.58279675073019,25.6006218756984,-3.38428888389692,0.5750657523286,14.1244248374862,-0.986733704573068,4.70800218440092,"Asuncion",194
5.05808449499037,21.0488221452296,-3.68082519876056,28.957812290024,-3.11565172489059,8.91443070520376,18.4044586160138,-4.07965840520369,10.7333321289058,"Lima",195
0.0238990950257354,8.0718904646708,-6.26485284621711,38.9829739964017,-5.18754263295465,-2.91493669388124,14.1351695105117,-5.20490348043443,10.4276863216728,"Arequipa",196
6.53038506058108,7.16805863309136,-4.33792009596596,24.474225217903,-12.8875970022274,15.8613885108026,20.1120253844615,-4.89817512774431,9.4020372821999,"Manila",197
1.81569978394183,6.50039642593242,-3.11422266238791,25.2882174686057,-1.02875315807559,-0.0756281839989938,14.028580497919,-2.89515463421227,1.30182718966542,"Davao",198
1.85000172025912,6.57351459807987,-4.43151981087582,26.6262387708628,-2.58632348705334,-1.65173377607575,14.8082133091678,-2.44769014270861,-0.0618499659079468,"Cebu",199
8.71151530123346,7.93688768946668,-1.85658521985489,42.649255629622,-0.143841260642409,-4.44309610756516,18.2840749012342,-3.05012709417302,3.8074720435805,"Warsaw",200
2.86866278480554,7.61218691866759,0.98296054791735,39.7285675898134,1.94370088322202,-4.38026104114414,16.7784165976901,-3.44525847446252,2.58158557265849,"Krakow",201
10.5727507379347,11.3167533404313,-3.8671005822312,48.9586757693158,1.00947081603291,-1.80562108809581,15.7846870999991,-4.7986346449011,3.43545900339225,"Lisbon",202
2.06106904284967,9.01924417345456,-4.03207251502901,46.0310752221129,1.08527269581672,-2.16756098536287,11.2417375825746,-4.13672176630617,2.69565486205483,"Porto",203
4.14588661713096,10.3806992834585,-7.76202343549542,51.7332426845708,-6.6786733981112,-5.75061409329223,12.6006107292642,-1.06039775088086,5.79306605291959,"San Juan",204
13.1160980977129,6.80623221027287,0.247450133432967,36.9440418173255,0.202956979703729,-2.94730827851078,25.2890655942801,-3.70577709433158,3.48733368736306,"Bucharest",205
20.2302104513663,9.00435735536039,-2.5599016615293,45.2754474979084,-5.70059808035121,4.75746125379825,24.2789343442666,1.01687056089625,5.84378873394393,"Moscow",206
14.2387241856058,8.9212525001931,-1.25101352969728,39.3064886381618,-5.17772809458876,-2.70081577409914,20.3249838669197,1.27831591612451,3.66423380151701,"St. Petersburg",207
6.7640712419468,8.68404090672246,-3.59786277658646,31.783699115306,-4.15166707784468,-4.73388122563078,15.5124386164717,0.458914456628736,3.21129601045652,"Novosibirsk",208
5.58869065424917,8.72149241742365,-4.0659319459415,32.9609693740395,-1.5573371395906,-4.86447225183038,14.9931554817504,0.288867075373605,2.94824257747748,"Yekaterinburg",209
6.40485022400583,8.82617215817744,-7.90739001022472,41.6070327955771,-4.16050944246999,-5.03302144508341,13.7027491016372,-0.046455975060891,3.49673856462111,"Nizhny Novgorod",210
5.77536854952943,8.78285689162784,-8.27554314982685,40.9098177685602,-3.84649952504193,-4.7235944570956,12.856909301579,-0.0924363911501648,2.61596353292756,"Samara",211
6.22244658112364,8.55921881961961,-3.41359517340613,32.3072036495413,-3.35823638700084,-4.87465364068789,15.604965553667,0.315753412389364,2.51939118750827,"Kazan",212
3.5024973872057,6.29950319069257,-7.43459849436973,17.1558604398861,1.27499727797131,4.70162903383658,18.2089155637458,-0.292159526748771,1.61066746255055,"Kigali",213
0.636714725976629,8.3443471401499,-3.66650160122645,43.5246346826898,-5.00200241683821,6.37344470679211,5.37960238636856,2.41985639041936,6.60802907640155,"Riyadh",214
3.96610470937892,9.08542354401601,-8.33661174949588,42.5183700290576,-3.74893855107905,-2.27153183288768,12.4188076260834,1.51577789235507,3.61709564697251,"Mecca",215
2.08032400046217,8.96333880385483,-8.5566605437554,42.4448304216317,-3.80141996479728,-2.86895757608705,12.3920129240967,1.50909220358121,3.97894228835301,"Medina",216
2.06112060630676,8.31675363079099,-5.9016450618154,38.9819767218564,-4.61074605223828,2.49261568851785,9.8465960024129,2.31404452716781,3.76855972992618,"Jeddah",217
3.37173795852947,7.08793241343952,-11.3712557477825,26.2562206534643,-2.59484733050358,6.35062067991868,18.489543230975,-2.7513117381436,3.21148761124872,"Dakar",218
2.89538910848373,7.03740735564199,-4.36331976399854,35.1300588842254,3.520003263269,-3.55716960689174,14.2294527732169,-2.6517600774163,1.17821466357389,"Belgrade",219
1.29088188819487,5.36827029388369,-9.29936764950341,26.6831833300951,-4.00236450101662,2.61994331871339,14.0018048278531,-0.781526517711706,1.17598728310762,"Freetown",220
19.442319210991,10.2498888696345,-6.87941908174,71.2032063603228,1.58029245799833,-0.62780433526753,15.7675057048389,-3.13381151412601,1.82124820349411,"Singapore",221
4.20691627288856,8.58497771031825,-4.1030253632875,51.0783614540933,2.41721087999206,-5.17288727503229,14.7461105756591,-2.68290449030886,1.40729146754847,"Bratislava",222
1.65146032890275,6.23597642693408,-9.34811870712965,30.6430572659773,-2.39596819930934,5.56107292293374,13.4108444570743,-3.88182632817443,3.33012497451093,"Mogadishu",223
2.8878217802684,15.2362146831078,-5.27615787713714,32.9274615915509,-12.7923129234286,5.30691138367482,16.3947721904434,-3.24218560261666,4.7708785336216,"Johannesburg",224
2.49388177466822,15.2944819976616,-5.73415101606314,36.2685697356958,-7.25223919449439,2.00669410717766,17.4692078420954,-0.265441033171716,2.88519140828555,"Cape Town",225
1.81664950059686,10.4900492300742,-5.08002412026917,31.7761417402865,-4.42626799142408,1.84412736698552,10.0323016915787,0.00141529785449279,2.86185217394954,"Durban",226
2.05182309853779,10.3476617425743,-8.58719202588081,37.1754305546334,-12.2035944118294,0.195357992287742,15.096527368528,-0.0852728345593484,3.01939996911619,"Pretoria",227
18.488928209754,15.695743568068,-7.55390198397157,67.4415106726371,4.43613828859785,-2.01775655206355,14.4358057009862,-1.51625186889585,7.92017432229436,"Seoul-Incheon",228
15.5318701208024,10.6844224426813,-6.65456469194172,55.707976886697,-1.19418072709587,-6.38584470496537,11.6213307238392,-2.86666247657349,2.95632744775386,"Busan",229
13.3079542144063,10.4519630715432,-6.7564751410265,56.7595645413057,0.786544826615835,-4.42696484774522,11.6653233003975,-1.97193725749303,2.27276744791132,"Daegu",230
8.03644471359714,10.6257399696816,-3.54123025347191,55.3282891900358,-0.16920570397973,-4.14226946281491,11.8330054619789,-2.62077368393319,2.97465865057702,"Daejeon",231
8.539821285055,10.3609533651812,-7.40029112328837,55.8888018456073,0.0317721952749113,-4.2557893559583,13.9883034631827,-2.0203568345176,2.97996903856066,"Gwangju",232
2.60897275252811,10.2140432849196,-7.60586420091725,64.1126700701598,1.38836340430857,-4.45703860138385,9.83389454876443,-0.159297384717758,2.14141245232842,"Ulsan",233
23.5841164414382,13.3086580609038,-3.03151977195293,58.8337884587203,2.08211430138605,3.50160627779249,11.6678453841531,-3.30517330739369,4.21181202034214,"Madrid",234
18.0898405399217,14.0893327941709,4.04966053197088,53.9039192991166,-3.10079439925358,0.085026115965402,12.5801835886043,-6.118492755668,6.52563342777359,"Barcelona",235
2.50487054177705,9.81049657955308,3.59395667725221,50.3023725942025,-1.19187625540367,-4.3150035738375,8.07726443841132,-5.4451003194581,3.67292548954138,"Valencia",236
1.16519215571133,5.86887927081872,-10.0759675736724,28.9574744124242,-3.58551151933656,7.72612418047077,14.2077652496436,1.0427209990051,4.97304321471397,"Khartoum",237
24.3692231995234,23.6175535848482,-5.38991379622333,77.3549918778706,-0.939217304631284,-5.50646926645666,11.746927675281,-4.95731862002852,2.2018700185642,"Stockholm",238
2.81068558158004,18.6882949880464,-17.7620252939733,88.5865930491948,4.4884587430683,-5.3297941524243,11.7870373338658,-5.01672450027034,4.24100709104722,"Zurich",239
1.66513672544058,7.46325084587822,-8.7994255385678,31.9121327374667,-3.95775180511702,4.97400031573645,13.7774428455108,-0.185562715920509,3.74708333639161,"Aleppo",240
1.635051433221,7.46418433613328,-3.60957199583567,20.4269722752402,-4.26652319299316,2.92419347666767,14.6064132005892,0.456654348410955,2.77207788203417,"Damascus",241
11.5658081938532,24.7138190430614,-3.65922458375735,57.7539666971015,5.62389854598979,-0.489399029953681,15.317969572729,-0.120804277584286,3.40535728029517,"Taipei",242
7.20968959281508,9.6796221598877,-3.23211315410696,46.7900557661302,-1.39130270519947,-3.03512307514549,11.7730009886429,0.88579477265052,1.36324077300665,"Kaohsiung",243
2.60349575846651,13.3139167323384,-7.12319548835966,48.9242600700323,-1.34058505992778,-1.77974035511747,15.1542675055045,-0.670009723439303,3.81577539066187,"Taichung",244
2.85186244505798,9.94791594811345,-10.5857880140388,14.2786597539062,-2.71620425858236,12.668291809428,19.3449769079331,-0.908160766300625,1.80243161922798,"Dar es Salaam",245
6.21358449789149,9.51882221846896,-3.83601692065549,32.6334739619935,-4.05583043735612,13.2404622495635,28.5228412296755,2.34066353027632,3.21820843379025,"Bangkok",246
1.38149391079644,5.79544635621843,-9.54602986916374,27.427782571921,-3.17962732360318,3.8936743416051,13.9088090789489,-0.448301774231243,3.35082235320673,"Lome",247
1.93564068953113,7.23805713499696,-5.47848209147366,23.4803160617411,-0.836052413140621,-2.77960455894397,14.5299637217259,2.38203860150619,2.04667874964732,"Tunis",248
9.26141953776027,16.476617630656,-2.47874402259866,38.5053206580458,-6.58959957287607,14.0124157059857,24.4334970503678,-4.2900163829869,5.99675735904495,"Istanbul",249
6.98072656011815,8.33684983698681,-3.67580863019097,36.9080549856882,-0.461866681489591,3.33360960618367,12.9624114212606,-3.43764164093701,4.88961198029945,"Ankara",250
1.96884392395869,7.86227680678966,-2.90625815765783,37.4288140832487,-2.21331892948889,1.77755598711335,12.7397253303182,-3.17892576031233,4.31142896106331,"Izmir",251
8.9083885267126,8.38210915883651,-3.75748298070694,39.0103932486893,1.56690039057175,-0.74781325712921,10.7883174468821,-3.42492970614791,3.8195735756913,"Bursa",252
4.98291064098226,8.48361780967187,-7.84235609368501,42.2655762009853,-1.73559754462009,-0.886787677093652,9.42354197496211,-3.37423952997262,3.67614902980096,"Adana",253
3.86221300069563,4.9563073514022,-6.23859493539526,15.1529622230995,-1.7924297192054,4.85710518200381,20.0174830587862,-0.673406112648413,1.51404123560181,"Kampala",254
14.9577663285645,8.02949421105243,-2.26692772434478,25.814100367027,-1.90893678232839,-2.45990710602585,14.4707667864491,-2.11855844378149,3.22210740525169,"Kiev",255
11.5225821290106,8.140721477293,-2.20248680455742,24.4740103760002,-4.48833678441372,-4.18121724876842,14.7009692781108,-1.92004001893885,3.84963755345111,"Kharkiv",256
1.55969742325769,7.62654888250692,-3.53816113745066,25.7952313598248,-3.5620888848241,-3.94723100302731,14.3684769723164,-2.03009802028644,3.07488006170305,"Odessa",257
6.76476193113111,9.81368677981742,-10.1254315703908,63.8935336505553,0.927773343577573,1.1295327761561,9.19285159103559,2.26188767537876,1.90217399436379,"Dubai",258
2.33208261312268,9.87608945985921,-6.71882863255825,52.3284399114866,-2.33978130146976,-2.39308292779707,11.5406234716995,0.322221552657903,3.60344506326101,"Sharjah",259
1.42609667178593,9.39535783807792,-8.21486134366009,65.9165955772155,4.63780345375902,-2.23746442612329,2.47599253346474,2.45187765254715,1.56846768334122,"Abu Dhabi",260
28.0982479622697,14.0940219646578,0.700390949113605,73.5420722372692,-4.70598630151262,1.44207617267526,18.2800784678285,-3.34416322849305,5.49275588739911,"London",261
1.96086848284176,10.3265674707823,-5.88648604198878,60.9452504598702,-3.76074465821157,-5.05724935198401,9.65775850753773,-4.48432860826987,3.54503144062922,"Birmingham",262
2.01941630645477,21.5807289472157,-5.45253642062554,62.9137198497668,-4.0365815071914,-4.4435996310092,15.4212942676862,-4.7474632035392,4.99939292622463,"Manchester",263
11.3104099149699,11.2362264035616,-2.86173359176708,64.6347472169263,-5.51030875775374,-5.13353991099663,11.7617011605294,-4.48604455250857,4.52781925805529,"Glasgow",264
1.6749357509341,9.79132246002984,-2.26748223630743,60.1057639886847,-3.05439162136839,-5.56721929290891,11.7110630021867,-5.10766295394651,3.94866198675606,"Newcastle upon Tyne",265
1.65867830693767,10.0705764710009,0.108468941813286,60.1145249397375,-3.31706783001127,-5.56647863542991,10.2292479311397,-5.0756214229052,4.52847994353011,"Liverpool",266
23.0331184972527,18.3846538952364,-8.54158167786052,86.7212717326519,-4.91980127972264,14.6421358340924,15.0989452513423,3.20236339918443,10.0688877981203,"New York(NY)",267
4.83754684292535,14.6242024173081,-8.61140393530774,74.6882239505499,-7.70565469766994,7.06384138742965,16.2916168908221,1.5028235760861,6.654048015759,"Los Angeles(CA)",268
14.87462916206,14.5458628007593,-3.39460787650001,75.9914950381148,-7.46737294069542,4.50346989027642,8.46423258368977,1.82061679532793,8.47732208325186,"Chicago(IL)",269
5.07014974911154,18.4218266149212,-6.62959714886528,71.7400386779335,-7.00104823230794,1.3673835256125,10.4911308433471,0.782925104513986,7.78969734400614,"Miami(FL)",270
12.1958565640064,11.6327056342533,-6.13145095125553,71.9306197597228,-9.30823459048961,0.653451566817499,7.68081792960793,1.21067892058432,7.91245723023781,"Philadelphia(PA)",271
6.63293768799298,10.4591076643904,-4.27351065118829,71.6678403504859,-3.48477293595937,2.58879845343251,4.07735688684179,3.32667349202687,5.72708690422909,"Dallas-Fort Worth(TX)",272
6.62409737967211,11.1797231549338,-7.50628918407473,70.9241891395203,-6.01738708480022,3.3997960771089,8.83385201331121,2.352451510537,4.91225131814339,"Atlanta(GA)",273
3.86998212561521,10.5434809887599,-4.79987992050819,71.9934124287405,-7.37395877617615,2.29721471093819,7.35680502633374,2.98193102586861,6.23826589053316,"Houston(TX)",274
12.7841578372117,13.7867435789235,-5.45857760545243,82.1609137058147,-6.61637915412619,-0.00235582477437363,9.05887717965001,0.39582702680043,6.28551317387063,"Boston(MA)",275
11.1430198500943,11.9473089437768,-3.62930097231444,80.3044812672835,-5.99561823082101,-0.0256435375312491,10.4309120249041,0.263026042081419,6.9680679529222,"Washington(DC)",276
1.3044308723704,11.2682575538201,-7.17678698033074,66.7845172965631,-6.75902358178368,-1.12132245239558,2.59589808100312,1.31037269023281,7.349408590323,"Detroit(MI)",277
3.36695734952827,20.0417460864529,-4.71653191042072,64.6855603496198,-2.56745397040083,1.58421329718292,2.36472183838054,1.99759276148972,4.21004907416481,"Phoenix-Mesa(AZ)",278
9.81180645544072,10.8831086882153,-13.8556789097392,86.7371418684019,-1.83415376042046,-0.744332907503287,14.2560564914323,0.123294784058497,3.9178697451927,"San Francisco Bay Area(CA)",279
3.56766409753427,10.3173721710972,-9.46060190638187,77.7129105450415,-5.41529125236271,-1.47174210931846,12.1077062970235,0.168511409604463,5.89311840196209,"Seattle(WA)",280
7.42218089779961,13.0056326977019,-5.93994816145253,73.1390343694067,-3.85039894843398,-1.95225840100283,8.63479739480459,0.508108149512118,3.50413717916115,"San Diego(CA)",281
3.97714966035618,11.0697807325198,-3.20710486558513,74.4723920357832,-3.84450681187222,-3.0928865354465,2.87009378808347,0.693872818529841,8.16016572862459,"Minneapolis-St. Paul(MN)",282
6.66228185069385,10.4005449122994,-4.68484846091825,73.5236597081905,-1.47973406113091,-2.46541276287432,4.5379237281292,1.15572454379497,4.87929868722253,"Denver-Aurora(CO)",283
2.5755220844407,10.1942037638329,-6.36784995550161,65.9309160346039,-2.0217992359543,-2.41066530093624,6.04098780329694,1.88389669466415,3.52061152553158,"Tampa-St. Petersburg(FL)",284
4.77064332612047,11.0229557314258,-7.06587592353567,71.6454623061929,-3.04683016010413,-2.09030327086532,4.65240153427736,1.21115276350599,3.86015905584773,"Baltimore(MD)",285
5.07730839724443,10.6701197732468,-7.22164180871043,65.1025433943653,-5.46764587669648,-2.71688892525975,1.73455559596647,1.82471858615752,5.5294196412021,"St. Louis(MO)",286
10.3330673276271,11.2118289796116,-7.05026608588778,71.6379955240831,-0.136450843094772,-3.6654692739686,7.60492565634484,0.0729111924760683,5.43384741023869,"Portland(OR)",287
6.61952109370894,15.7823768917145,-7.40127063218589,65.3579953722421,-5.09132041726941,-2.89213491637635,1.51534386074486,1.00257487590175,4.89608643885987,"Cleveland(OH)",288
1.18309116170631,22.6117105825332,-7.55909205942505,66.1071606227714,-4.75129840373469,-1.79856317302504,3.85966641503511,0.382789026344182,3.70106908962337,"Las Vegas(NV)",289
7.59655379561417,23.6857844292401,-5.26358780912115,70.5482022133007,-4.42174677473372,-2.98667881909207,3.75806632814736,0.371250427237374,6.05121671994201,"Pittsburgh(PA)",290
1.07105048705052,10.1702873260687,-2.37375320214381,61.353106198485,-4.45357665354872,-3.29474026414832,3.02663290188569,1.95616296961472,3.65802947320934,"Cincinnati(OH)",291
7.02584469543842,10.6848337069601,-7.45094833778389,67.0421887946706,0.720534907727324,-3.40522665268536,5.05494263184113,-0.366827426750691,5.1061451898776,"Sacramento(CA)",292
1.10135221981479,9.34585433808144,-5.51398351252678,58.9622309203401,-3.37011371709428,-4.14696259376132,4.1990580429529,0.711325739763362,1.3222896342541,"Virginia Beach(VA)",293
0.980655347282148,9.89811280980367,-2.71439446508391,63.3080111965916,0.0526196110500809,-2.75291407142111,3.82796274189997,2.49413527487141,3.14778924538001,"San Antonio(TX)",294
0.851046354521743,15.9978006913946,-3.76971903547655,67.4902244806914,-1.05434310118876,-2.54843853185907,-1.51269090527519,2.74556539677212,3.55978323797963,"Kansas City(MO)",295
1.08410588107945,10.5454774774078,-5.55988468409783,67.5056176693605,-4.54357309878063,-3.80922122146277,1.24948081427941,1.31168656124678,3.58324990455408,"Indianapolis(IN)",296
1.12127775761694,10.5630233952109,-5.43669350301021,66.0985648487401,-5.05576341720669,-3.89512241238002,2.27402781471466,0.741966416504198,5.99073347814558,"Milwaukee(WI)",297
1.51129513084169,16.1260534867016,-6.88972439201003,69.8795523865425,-4.19219310530933,-3.26063228695484,4.08176203529823,1.72842318040373,3.54292460994714,"Orlando(FL)",298
0.360260954947033,10.3253418499228,-8.14292661500359,66.8525877985795,-5.43574409929649,-3.99462178610345,4.98671360720375,-1.44543147019917,8.30252577494901,"Providence(RI)",299
0.780064012884965,10.3250448237385,-4.84567805154848,68.3692896249927,0.861378549236151,-4.19406325027855,2.14597195365216,1.3043903538187,2.46453296160709,"Columbus(OH)",300
1.19254649267217,9.87835848144819,-5.35059859004763,68.49492084379,-3.88756987528682,-3.20579640434149,7.19930380049076,1.70354225058405,3.24692452058251,"Austin(TX)",301
0.95215638677886,10.6789823090626,-7.97626823081951,63.0748046083296,-6.05234307880808,-3.60516930531489,2.42905397699631,1.60061471686413,2.86348217759189,"Memphis(TN)",302
4.4170732875924,10.7832141423757,-7.09549589925946,65.3423369237534,-4.72721994704799,-4.34506173537028,2.21107857679271,-0.286581123595295,6.36233476585723,"Buffalo(NY)",303
3.38905899974203,9.84829670253625,-5.12183883802613,66.659838550584,-8.45477485971137,-3.24122309391411,5.95535424141059,1.22213804489936,2.87196929769159,"Charlotte(NC)",304
1.1212167419447,10.2139900076602,-8.54045973276626,64.2559142304574,-3.66986583136559,-4.03979953192589,4.53125625514998,1.97371024695401,2.03088717294179,"Jacksonville(FL)",305
9.6162320822981,9.7939749955492,-4.30963029002928,69.3998297830324,-1.01660747971259,-3.72055697320016,2.74935496451973,0.976157614594516,3.1194282462843,"Salt Lake City(UT)",306
1.03435968660927,9.90465732898485,-8.13230431569181,65.7905169324606,-4.03997198864889,-3.85402230159903,2.88295896190908,2.62505729089878,1.86498171617131,"Louisville(KY)",307
1.05739662897648,10.4666083391564,-4.95253895756585,62.6324098999686,-3.25197887305673,-5.02618460750309,0.761318194613724,1.34836439587639,3.18312241815029,"Richmond(VA)",308
1.16366854891362,13.0326598084745,-9.07083089830556,73.2479813572267,-3.04966959690724,-3.87569949820186,3.99722932312209,0.581158940429551,0.896803422867965,"Hartford(CT)",309
3.40089325046819,10.2126558309731,-6.03247132632169,59.1281114312912,-4.55804497925957,-4.30519405386114,2.71669572385176,0.804430342837078,2.99127891287044,"Tucson(AZ)",310
10.8770363868158,11.5087386081394,-6.2563330521077,65.4179913209258,-5.29377752429778,-5.4858731701575,5.03922253531898,1.97641798725805,4.20382114048708,"New Orleans(LA)",311
0.911350551319451,9.50920454692537,-4.44514792334086,61.5496993109838,-3.14451622466214,-4.18895875999335,2.30057649046296,2.20408271104793,2.63137035579055,"Oklahoma City(OK)",312
0.861687529203343,9.58447962945361,-12.6565710429061,75.5272305465195,-0.804593633712808,-4.69418240474633,10.0474809608222,-0.574799515440928,2.35581676139006,"Honolulu(HI)",313
0.787446931096666,10.0877771876118,-6.46829968283389,60.4315126804325,-4.74952821215477,-4.40341846754682,-0.113089431681332,0.553642431481264,4.12799265799714,"Dayton(OH)",314
0.736642398969924,9.83811261591856,-5.64160564649088,52.675890082967,-5.26571650267576,-4.39450795280715,4.55789788849565,0.195822152531075,4.04506240240932,"McAllen(TX)",315
1.00505244570622,10.9861509588611,-6.99676333852362,64.912909472968,-4.80178944581469,-4.18014998998237,1.74988183029323,0.145593309893692,1.72606202812712,"Rochester(NY)",316
0.836023980058045,9.59973844585011,-4.21426270431067,54.9033351560167,-4.12123242812682,-4.46358795948571,3.13766698112021,1.28796908042166,4.21492060280201,"El Paso(TX)",317
1.01908644429832,9.77897824129725,-7.58422549039601,65.1380949604453,-2.19333059684735,-3.45373604673839,4.09824144045722,0.998730454611795,2.6009529769921,"Raleigh(NC)",318
0.344509222560819,10.0857358613684,-8.91018937387052,65.4231739125082,-5.15855016881924,-4.73295248230577,2.81701967992012,-0.616612047449931,7.1028540280727,"Allentown-Bethlehem(PA)",319
0.738755842589936,10.2587402549079,-7.01955741787249,63.4862028007025,-6.8757252715705,-4.5560093718149,1.98439181060194,2.0110757323846,3.76249084284781,"Birmingham(AL)",320
0.950407200039664,9.70861797040783,-8.87325455313286,67.2755453605504,-3.18919261589461,-3.46119271663404,7.10443033612131,1.82147954751477,1.9347407568785,"Nashville-Davidson(TN)",321
2.21760529277745,13.2989601346203,-8.38689062052572,43.9430908215638,-6.88083593942897,-5.41611975456805,15.2308997010184,-3.6742046909382,4.89372698623282,"Montevideo",322
6.75802113537212,6.45259200670199,-3.5703667435633,28.8907760833624,-3.25432384987862,-0.840000355232383,14.4118605103509,-1.48801024933128,3.97835346657151,"Tashkent",323
14.7970468007514,12.5681514068026,-5.45696344858032,27.2361215726407,-9.27194619371021,-2.30006313841846,17.0115863168105,3.90643165811785,1.12035976039154,"Caracas",324
2.09525553227141,9.33855245780715,-9.36340947170024,38.0303175345933,-5.11085729711861,-2.27911437186913,13.3492119024067,3.23584631564176,4.08250151645527,"Maracaibo",325
1.54846124002363,9.33777670724709,-7.87510410524672,40.5173978321512,-4.74594488996229,-2.23406423698944,12.5863819948517,3.90644330906698,3.82202485000108,"Valencia(VZL)",326
2.31394351480383,6.13410273756023,-7.27798378176263,21.3911934706675,4.49926737591382,12.8796529254633,15.4436829629871,0.376921186439376,2.73580312786752,"Ho Chi Minh City",327
2.45870986797215,7.42308948048244,-7.19077967178979,21.1776868477609,2.79332755484141,7.9058799243305,16.5962163406724,0.646158472828573,1.36012670615321,"Hanoi",328
1.53008491357412,6.38214964288887,-9.08675736966991,29.0897623361897,-2.35483532001174,8.55937215350423,13.95520504177,-1.02634264424901,2.72354060063976,"Sanaa",329
2.07313622477941,6.76361056918283,-8.25488372278952,24.7436952920999,-2.36176675876596,5.61530974093176,14.3474726247153,-3.61624269922593,3.81240529796439,"Lusaka",330
2.744741732453,7.20028997824807,-8.0191234182856,26.9085920955193,-5.23716299391372,-0.651283811923365,16.2478486278078,-1.64807451281735,2.212002313906,"Harare",331
