Metro Propensity,BRT Propensity,BikeShare Propensity,Wealth,Sustainability,Population,Congestion,Sprawl,Network Density
0.079424504,0.0120674884,0.373602215,0.0295605759,0.2214708641,0.3102680074,0.7072857991,0.2118236355,0.3305749841
0.1271310655,0.0817780462,0.3755402114,0.1184244737,0.3447362567,0.1732013253,0.6561638851,0.5598699526,0.3808302766
0.0475021066,0.0880818129,0.3884725149,0.2319020768,0.3115324901,0.1144217666,0.5549051413,0.6897369883,0.4997618921
0.061401601,0.0875779284,0,0.4858118868,0.1754250043,0.4295335845,0.6421229061,0.3317167009,0.5140843281
0.0748224312,0.0372568198,0.3429578511,0.0432311287,0.3436013473,0.2063260331,0.687645756,0.4582154864,0.3136139722
0.4247187118,0.3905768126,0.465230317,0.4940552821,0.2986010026,0.2480446309,0.6212376443,0.4890350301,0.7826889132
0.0832930238,0.2102046182,0.3770518327,0.395764607,0.3373124767,0.0437232287,0.4817434971,0.3023082214,0.4781262271
0.2087774323,0.0917114202,0.4177989839,0.2669316896,0.4286537181,0.0310093999,0.5534121553,0.4940360568,0.3597288504
0.0789655639,0.3553671641,0.292788839,0.7977573263,0.3414952034,0.0932553075,0.4602152933,0.5744592222,0.351961201
0.0603867839,0.1683348531,0.3636753686,0.7861742392,0.3978941712,0.0822674181,0.333172875,0.5393552118,0.5589103703
0.7344087673,0.1291203756,0.4313919703,0.7094849969,0.6439043388,0.0337363409,0.346189823,0.2822675124,0.3836096608
0.3112852917,0.0611948957,0.4359156641,0.2466558801,0.4260065163,0.1318947821,0.5984480111,0.5365857422,0.45649398
0.0839264724,0.0857374773,0.4018415535,0.0240688948,0.0631525053,0.816198717,0.6462906427,0.0394419898,0.3114786443
0.0651517968,0.0421329819,0.3814241163,0.0951321906,0.2883818185,0.4009221652,0.5719525576,0.1756424061,0.1963093976
0.4335223997,0.0657353245,0.4040210737,0.3217261612,0.6096916794,0.0649219898,0.5689579919,0.689194498,0.3449215983
0.3653661821,0.1687507687,0.5148811387,0.734517777,0.4529646404,0.0241002529,0.5237818536,0.1993793942,0.4510962727
0.0697356455,0.1372800863,0.4503776251,0.7406847969,0.5581984152,0.0091631872,0.392301338,0.3205393115,0.3921719165
0.0705580316,0.0458716233,0.3466545321,0.0408693808,0.272642057,0.1715587287,0.6897619386,0.4046101033,0.3850024259
0.0515090623,0.1081688757,0.3798649514,0.210115627,0.2443581181,0.1304004651,0.5589865789,0.628950741,0.4706269905
0.060212173,0.105818802,0.3913879529,0.2395710001,0.2795119858,0.1510075381,0.5594520998,0.7215776742,0.382695918
0.363477276,0.5840782469,0.4432580516,0.3775516811,0.1920435879,0.4081497259,0.551303,0.3377632383,0.6508194481
0.2878019792,0.6841013359,0.4220030793,0.3768447283,0.1475996126,0.2542392773,0.7634452639,0.4562563328,0.4869231324
0.2467276345,0.7999311336,0.4345957286,0.3330464182,0.1905291576,0.1527144289,0.496503552,0.4534856795,0.6045766286
0.13210854,0.2525603979,0.4302850868,0.2692990866,0.2839950979,0.1542742427,0.649687801,0.2826268925,0.3009994024
0.2089097664,0.546957025,0.3875348523,0.3896746382,0.3357696452,0.1475702829,0.3715685905,0.4564562539,0.494426139
0.3222425464,0.7456021301,0.3958866722,0.287749633,0.0671465672,0.1248717936,0.6392092338,0.4268486572,0.505700629
0.4177361398,0.1065801336,0.4364681819,0.3558422061,0.4612725815,0.0585510459,0.4547230676,0.3221048121,0.3646819954
0.0413246281,0.0351789949,0.3460031605,0.0070540626,0.3308961023,0.3331839566,0.6573637874,0.3685318368,0.4599830029
0.0786633389,0.0595696922,0.3491845701,0.0705583857,0.3408307777,0.3387327195,0.6961593355,0.3824172006,0.3108635344
0.0757736208,0.0214157576,0.3336225794,0.1184809062,0.3013578027,0.1754317678,0.6978894152,0.3365171957,0.3169062857
0.0481088285,0.040965356,0.3400985808,0.0227330238,0.3228190671,0.2531625793,0.6639922771,0.2670959573,0.3407767379
0.0752543943,0.0422983871,0.3532698815,0.0503873986,0.3131788927,0.2566570882,0.6920237471,0.3078203473,0.2627302579
0.3626840117,0.1706930073,0.4268035919,0.779244051,0.3409980045,0.1406499745,0.3940372476,0.5657556291,0.4375312438
0.405902412,0.182316809,0.5426050463,0.7709025678,0.3847682744,0.0744802129,0.3567472291,0.540746583,0.3878675257
0.3157426547,0.2945686232,0.4032299697,0.7373888035,0.3655320024,0.0496931037,0.4454906947,0.3939176034,0.6618669841
0.0585770459,0.1625784388,0.3352241497,0.8003364487,0.4301910612,0.0324163359,0.1865687643,0.6260735914,0.2685057953
0.0463316412,0.1632844593,0.3455042458,0.8055450312,0.4180136985,0.0254809519,0.1038962101,0.7573134986,0.3848836032
0.0946006032,1,0.3738180099,0.7473180523,0.4214271954,0.0320525041,0.3267601212,0.4553924684,0.4345873345
0.0667622013,0.0121835953,0.3534372107,0.0365577311,0.259111296,0.187510617,0.6917106157,0.3470302716,0.3177512304
0.4520525438,0.472760873,0.4295759398,0.4461643331,0.4321245045,0.1511539542,0.655245328,0.4046493596,0.4196126988
0.0512892265,0.1308565242,0.3654516298,0.467095787,0.3676814032,0.0274931834,0.4634540766,0.274027416,0.3719721295
0.0866242951,0.6694165665,0.4085032161,0.4031234174,0.3942601087,0.0664245489,0.5897544747,0.4004648136,0.2497642163
0.7444695048,0.1047092458,0.459971917,0.4561687173,0.6648247354,0.9270683187,0.6886867848,0.7101364635,0.430730873
0.7937985767,0.2541277473,0.5079586209,0.4371955451,0.5886403221,0.7770137249,0.7384137521,0.5906124713,0.594050911
0.4731155046,0.1961571948,0.4122208594,0.3501758308,0.587416109,0.6559029371,0.6874890868,0.8697121409,0.3663012943
0.4363651652,0.0980861306,0.4039157647,0.3936876844,0.5527480684,0.6826308116,0.6598615391,0.6294909355,0.3132199564
0.4679953163,0.1420134091,0.3564951844,0.3287993812,0.6218812771,0.5407528683,0.8096909845,0.5917408717,0.2295348708
0.3477335913,0.0834365508,0.8630124706,0.2818252704,0.6941974107,0.482783871,0.5484828972,0.6213338897,0.3740492123
0.3226992795,0.0663053845,0.4084709532,0.2871879222,0.6824076969,0.4422078436,0.5798331644,0.6866882385,0.4177507716
0.101001613,0.0702703224,0.399222509,0.2912460596,0.7324494155,0.4770369362,0.5331410076,0.709286917,0.3032371119
0.2488254251,0.1591670553,0.4754788735,0.2920734845,0.7153856083,0.432897486,0.6414068873,0.6618098593,0.4075730956
0.4869534462,0.0637174543,0.393398842,0.299610481,0.8475179282,0.3849602475,0.5783523706,0.8187504596,0.2287307713
0.1392817876,0.0614937103,0.3833122284,0.2632624965,0.7446149317,0.3676238435,0.5692425582,0.6358071688,0.3061629284
0.2221890554,0.0569174683,0.385558376,0.276916273,0.750081096,0.3094111003,0.5801912563,0.6966919238,0.3452831528
0.2259763514,0.3052865722,1,0.2960999357,0.7378264486,0.4225729184,0.5851349079,0.6942753219,0.4104166411
0.2844824777,0.0781927464,0.6220263576,0.2734292324,0.7682285038,0.3324807576,0.5793382982,0.6474112713,0.3735017548
0.1759644339,0.260915281,0.392817084,0.2699449622,0.7290604984,0.3353213043,0.5673302287,0.6790509248,0.3463972609
0.122972139,0.0579802096,0.3803538775,0.271281792,0.7149670657,0.3047213736,0.5681659086,0.6411518822,0.3633365411
0.2289306078,0.0574900053,0.3854610138,0.275871818,0.7520001281,0.2793759203,0.57429745,0.7654059993,0.1297178994
0.0842961729,0.4028451022,0.3910180323,0.2868170263,0.7609686589,0.3042028604,0.563925538,0.7123517062,0.2190842597
0.0816981996,0.083654149,0.8212528567,0.2772846221,0.7793230739,0.2901139195,0.5637155971,0.720986569,0.2476961532
0.1684868652,0.3386875683,0.3954054258,0.3031773026,0.8983988203,0.3197109409,0.5490995134,0.756595313,0.1704270995
0.3595199648,0.1606845319,0.3896317794,0.2724601015,0.6888915338,0.2498679934,0.5702949624,0.603667013,0.3179753388
0.2202514403,0.0801560734,0.6669574924,0.3202162197,0.7234906264,0.3380622168,0.4892223489,0.6718114205,0.3958008785
0.2151152936,0.067446961,0.4209716874,0.2769589746,0.7084993165,0.2950601582,0.4146178355,0.6425312849,0.3157017363
0.2226943304,0.0588401629,0.394077869,0.2839395818,0.6855848089,0.2988240648,0.6500417075,0.6800488041,0.2854412523
0.103334321,0.4472613519,0.3925514084,0.2872347043,0.8014635635,0.3229604384,0.5860188047,0.7918220423,0.0756169035
0.1110300206,0.1316021532,0.4062512142,0.2632576183,0.628634171,0.2860169608,0.5278574521,0.6109873154,0.3788407821
0.1442260826,0.0650998972,0.4150639496,0.2898838412,0.8764874139,0.2992752726,0.5884130573,0.8236994753,0
0.0735191517,0.0554758604,0.3677963436,0.2808062576,1,0.2833896033,0.6275207997,0.9308536819,0.0403065341
0.0928689741,0.3172288699,0.3951569659,0.2662970681,0.7053136808,0.3152366529,0.5268935279,0.5985853288,0.2595262925
0.265003378,0.0734397093,0.5690812798,0.2882403719,0.7141573893,0.2867556678,0.5880039828,0.7886429853,0.2034160925
0.1264351552,0.7059461383,0.4152531941,0.252559466,0.2466985345,0.3375648361,0.6818195866,0.4651839551,0.4313410924
0.3077403268,0.29530888,0.4859482961,0.2067766588,0.2537162898,0.1666058073,0.6617503127,0.3292835475,0.3247977921
0.0529588532,0.0709361289,0.3496545378,0.019779517,0.1752553166,0.5766484405,0.5898011532,0.3673595458,0.4257631366
0.0690612745,0.065361522,0.3413880102,0.0125492988,0.2551213122,0.2312739486,0.6918237799,0.3858112208,0.3574767373
0.0714523333,0.0722423378,0.3495769988,0.0603079129,0.2483552007,0.1791082455,0.6887528332,0.3826712323,0.4076045538
0.0876132906,0.1430759147,0.3423869043,0.4093012744,0.4070404533,0.1161826109,0.4858027772,0.4248832842,0.3356934324
0.0545972706,0.0859151033,0.3497240101,0.3440889425,0.3364928917,0.0597472345,0.4857246416,0.2746181506,0.4192830333
0.7854367301,0.189474708,0.4387901364,0.5112685909,0.4672578138,0.017661129,0.398725561,0.3045523471,0.3793951918
0.2477913336,0.1537600013,0.3287091759,0.8420661027,0.6264466718,0.0082966581,0.2953285754,0.2007238451,0.3845529029
0.171679103,0.1429180337,0.3587403368,0.2595763595,0.2953411689,0.1515893495,0.5851426417,0.5439252684,0.4161642917
0.1007900715,0.48728344,0.3612851597,0.2578564508,0.252492485,0.1211148273,0.6651301751,0.6124088067,0.329879325
0.1276468854,0.8210933267,0.432596526,0.2955487516,0.2342198162,0.1073418769,0.688155658,0.6642391745,0.4278439458
0.3136911977,0.0617665255,0.4108796181,0.2217149509,0.2040246939,0.3665508462,0.652534468,0.6624442253,0.3837836875
0.0938324298,0.0509910917,0.3707620417,0.1635057161,0.3459135372,0.2517962394,0.6858617509,0.4598473245,0.293474639
0.0557940888,0.1811177019,0.390473158,0.2183934203,0.2721874136,0.13422662,0.5741092483,0.5485491464,0.2792926626
0.0801887264,0.0357004196,0.3405901376,0.0120777567,0.26518033,0.2682351959,0.7473629329,0.4466671249,0.4187805019
0.3126224481,0.3940077337,0.3049808373,0.7819211352,0.5573763198,0.0160331633,0.3239165782,0.2249966376,0.3168195269
0.7672363124,0.370779622,0.5630012437,0.7176626931,0.4014493318,0.1792076094,0.5876993408,0.0827914318,0.8604962816
0.274039346,0.1493097147,0.4898855463,0.605760421,0.4150095246,0.046363328,0.4919264097,0.1633413931,0.3338046445
0.3710485798,0.2703047984,0.5812815694,0.6959111791,0.4323861382,0.0415682474,0.3945025689,0.0966554993,0.6619117801
0.4335155694,0.3614291947,0.5444178361,0.6440127843,0.4065493566,0.0240705062,0.3092808487,0,0.6582481705
0.0431679438,0.4231103342,0.4502778791,0.6645845843,0.4536561112,0.0313169369,0.3573826812,0.111435021,0.4005364609
0.3543696943,0.3008620266,0.609324465,0.7359578326,0.4492127907,0.0409388185,0.3574459922,0.1948819313,0.4209488937
0.0245534285,0.1418795871,0.4556899845,0.6524898289,0.4229619817,0.0262698298,0.4062082014,0.138671013,0.6216647526
0.3908791494,0.056805452,0.4325468684,0.242249839,0.4482343452,0.0678884864,0.5809903843,0.4577688,0.3207171573
0.7425896032,0.1571679284,0.4667145812,0.6536727299,0.5304687986,0.0491226368,0.3436211908,0.2598038573,0.552714668
0.6674772599,0.2735957976,0.4374812128,0.7472038567,0.5365970712,0.0354236527,0.3578046604,0.3134414669,0.2314151973
0.6749471378,0.14253095,0.4336899472,0.779352766,0.5993657893,0.0335328695,0.3540319355,0.2363657469,0.4297553943
0.0820648438,0.1271073193,0.4986079639,0.7386191517,0.5257057327,0.0463184418,0.3719898006,0.410011322,0.3499560403
0.080828081,0.1317586313,0.4038073845,0.7415742641,0.6256170351,0.0446718695,0.3230143941,0.3236573979,0.3423052456
0.1005645896,0.0471942878,0.2733868687,0.1800482911,0.3260724135,0.2540751385,0.7532008066,0.4572309334,0.4289084044
0.0789504978,0.0471448056,0.3538060361,0.0679876813,0.334279648,0.2306166481,0.6902953236,0.3640021552,0.3184829665
0.6340577182,0.1350625055,0.401124299,0.5032826852,0.373593642,0.0817213215,0.4932541906,0.0963614636,0.2647505677
0.0513015066,0.1033496261,0.3897605699,0.4559807926,0.5211527197,0.0505118065,0.2697574633,0.0900700709,0.4064449872
0.0753381916,0.2857543591,0.3677892227,0.1075027544,0.2640272988,0.1654049908,0.6518573322,0.260303035,0.341194189
0.0691673245,0.0403132188,0.3427918343,0.022524452,0.2804912198,0.2375389563,0.6922101479,0.3775185116,0.3270206773
0.072471792,0.0761211066,0.3660957558,0.063162508,0.3059553375,0.2466616045,0.6916962064,0.2731250682,0.3012813996
0.1092181938,0.1044975375,0.3626453212,0.123801558,0.2559770165,0.1568710484,0.7322213479,0.372441222,0.2731691667
0.888907128,0.1579023545,0.3095914148,0.7284275929,0.5621176982,0.1739277184,0.588518006,0.1708933572,0.1092550301
0.5862240468,0.1191125521,0.4731728829,0.4412980334,0.503136865,0.0546414158,0.3660265052,0.3668492112,0.5585707204
0.368698107,0.0735684539,0.5138388343,0.1807776147,0.2432331258,1,0.6229909266,0.4161150327,0.5674048405
0.150545897,0.0479218688,0.4485128691,0.1766024126,0.2154115146,0.7341190882,0.6602842271,0.1091474612,0.3120215189
0.2168498298,0.0450613807,0.4384079227,0.1035432234,0,0.4654977469,0.6390739104,0.1092068728,0.4084530511
0.1128753178,0.0421208722,0.4239380454,0.105809687,0.3221489746,0.421691496,0.5365660454,0.3961776627,0.4548663325
0.1475598274,0.0476353701,0.4772603571,0.1647648735,0.2529668156,0.4784105885,0.5540866825,0.2785074307,0.4963630757
0.0812596432,0.1152875667,0.4306251249,0.0881423975,0.2900846824,0.2369982725,0.5954179577,0.3552909157,0.3951412362
0.0760096384,0.0403269158,0.4547746815,0.1202860706,0.3035633466,0.4049542456,0.5245942979,0.3745079058,0.6376551048
0.0410207472,0.1540391679,0.4586549348,0.1748937699,0.2309489559,0.3337448398,0.4836226129,0.1960029134,0.3097509999
0.056680597,0.1124663883,0.4308875032,0.119680302,0.3231967339,0.3639593321,0.5276580704,0.1021614896,0.250678253
0.0856793743,0.0405004422,0.4078961278,0.0691026238,0.3193796903,0.2291113574,0.6729087529,0.2542064822,0.3467859082
0.0532484939,0.3999884799,0.5035225385,0.1561859794,0.3923517286,0.4063683516,0.492443965,0.1468674254,0.2455623707
0.0814704307,0.0419732077,0.3642932417,0.0931451587,0.329927765,0.204463935,0.6850555404,0.221194503,0.2420448786
0.1141742195,0.4302360382,0.3922119961,0.2348769482,0.1852102329,0.4531878605,0.8656524022,0.5932960315,0.6436252518
0.0863386979,0.0458900359,0.370679259,0.1343204542,0.3523436348,0.1823426077,0.6804318693,0.4073870676,0.3969865264
0.0872546552,0.0426886337,0.3956941148,0.1038982818,0.3618214292,0.1985029522,0.6861797148,0.3809360772,0.3100806163
0.3568711687,0.5167622385,0.4011100355,0.2169342239,0.1660035851,0.2322026673,0.6107480029,0.8213439323,0.5230345815
0.1543005011,0.1159771796,0.3951700658,0.2516222138,0.272898015,0.1476329937,0.5301558084,0.8143126457,0.4014165798
0.1096994434,0.2731059685,0.4127945602,0.2391593432,0.2356591631,0.123090486,0.5468216541,0.7820050411,0.4993973316
0.1122280219,0.4010361767,0.396272356,0.2640790657,0.3340510567,0.1298023059,0.550403547,0.8288020376,0.3942281458
0.1209010249,0.1134286119,0.3892517543,0.2349070384,0.2729333012,0.1040576392,0.5459088686,0.7795039103,0.3475904333
0.056935186,0.0905549766,0.3967928966,0.2237460013,0.2264717581,0.2820521067,0.5589729238,0.609882815,0.4908157513
0.0125795574,0.0758513703,0.3816433529,0.2868381438,0.2631345356,0.137882265,0.4322679432,0.4078054472,0.6410792406
0.0487309273,0.2570671899,0.3878976848,0.7521410048,0.3987275301,0.0653312503,0.5446448438,0.1759056046,0.4050423136
0.0728603897,0.1411879075,0.3865263226,0.7174458375,0.4578872711,0.0973542482,0.40991831,0.1597633653,0.5497312337
0.0217614559,0.6538554374,0.3694367739,0.6787084566,0.4737542388,0.0354255578,0.3490231015,0.1172594272,0.4664999754
0.0916405877,0.1307282521,0.3299909387,0.6764685434,0.4900598165,0.0142092286,0.4259221588,0.2198653627,0.4615895408
0.4008600453,0.1175751319,0.3598942793,0.6283401165,0.3542273372,0.0640721388,0.5681232688,0.2292657547,0.3745117079
0.4482875242,0.1230564655,0.4650730787,0.6938970145,0.4771415149,0.0770567338,0.477753495,0.1924656676,0.5730358978
0.158667834,0.131958203,0.3781682323,0.5429183554,0.3650664303,0.0557765929,0.4145818354,0.0922910916,0.447953449
0.1597181038,0.1180410585,0.4795257079,0.5905326232,0.4429369083,0.0483956198,0.3283104164,0.1522093481,0.5525766558
0.6884796004,0.1513703893,0.3383272017,0.7893893347,0.5095182698,0.3661761098,0.6425471079,0.5180942732,1
0.5596601745,0.1614907322,0.3413737347,0.7149394988,0.4708604698,0.128390546,0.5958364775,0.3967364583,0.9084001354
0.3961258504,0.2548025373,0.2838689249,0.7323306506,0.4422012684,0.077916036,0.5535426012,0.438217991,0.9732137951
0.3071058276,0.1423024716,0.4070196754,0.4680396414,0.5141838418,0.0350943098,0.5505964143,0.6041966754,0.394119774
0.3875985964,0.1431904012,0.4167909356,0.4709775376,0.4840713849,0.0363215236,0.5254378691,0.3512529076,0.5191288179
0.2942314163,0.1415137784,0.4261784711,0.4839228383,0.4971808125,0.0332922048,0.5109133689,0.3870667135,0.3972926943
0.2797245775,0.1394157436,0.3962175036,0.463614948,0.5427138994,0.0260130047,0.5987958241,0.3764465079,0.4037901481
0.068083686,0.1065841445,0.3527234363,0.3301225257,0.2050459146,0.066443331,0.5104007439,0.3585625992,0.5502117653
0.1066045971,0.0448903301,0.4078691324,0.2710833821,0.4941236596,0.0807993047,0.4871728556,0.7394683086,0.3750040773
0.1217132028,0.0919739857,0.3456462456,0.1187207076,0.1452371147,0.3069725392,0.7706245986,0.4132285223,0.2305920295
0.0921957744,0.0610223381,0.343552693,0.0778405116,0.3128253733,0.177341622,0.6891901647,0.345911962,0.191152264
0.0623953325,0.1472542515,0.2719218196,0.7425971491,0.391968566,0.0865029954,0.2800326008,0.8813413488,0.1760288275
0.0498488536,0.0700633667,0.3815079566,0.1996166801,0.2649555399,0.1085529354,0.5600902648,0.6247338001,0.3526806213
0.0717109299,0.0286270728,0.3661095213,0.0643855276,0.3827050558,0.2182881475,0.6884619849,0.234607783,0.260551129
0.0256907463,0.1161126376,0.3396288164,0.3908192239,0.325822753,0.0787017199,0.496427394,0.338769056,0.8652803783
0.0510179238,0.0860876773,0.3791423005,0.1605239585,0.2318681878,0.1118047776,0.557511737,0.6521785115,0.2393552598
0.0593780022,0.1068844477,0.3610366535,0.2827286797,0.2623674097,0.080810893,0.5532272746,0.7865681349,0.3871684506
0.0705750642,0.0609475337,0.3526896103,0.029178031,0.3015738317,0.2702690386,0.6915378776,0.3418660016,0.2343127097
0.2234647748,0.1086458649,0.447290955,0.4062730074,0.3282398279,0.1579490964,0.4946722917,0.8114057624,0.6005325021
0.0734882919,0.0938171987,0.3968167874,0.3331714351,0.3920839309,0.1210760679,0.5224405595,0.8076731991,0.3673750191
0.0369870889,0.0305900273,0.3704488642,0.043062322,0.2964970441,0.2765762209,0.6514999747,0.2897981083,0.5923586621
0.0726857664,0.0451715762,0.3422157892,0.0656341581,0.3227800959,0.1597254034,0.6880516231,0.3107669938,0.4076784647
0.543808417,0.341432713,0.5425023461,0.3185579577,0.1315640174,0.4595697776,1,0.5386455088,0.7658393125
0.0869851138,0.2443462138,0.4742000447,0.2697736038,0.3345517511,0.1672878557,0.5834626378,0.678189754,0.2499595262
0.2434299364,0.2622930798,0.4309448006,0.3278963681,0.3906358147,0.165127245,0.5219119512,0.5240444743,0.5749541598
0.0737186367,0.4207685896,0.3955070312,0.3072816486,0.3002444799,0.1133855003,0.5707580234,0.8795744682,0.2833541182
0.0646625153,0.1237241163,0.4283224741,0.2913906666,0.2848228488,0.1168402629,0.5610566377,0.5849086046,0.4077005765
0.1022909864,0.1266338265,0.3828359974,0.2765596607,0.2883577822,0.1087982966,0.6097669629,0.5499058442,0.369743078
0.1029109914,0.6367426507,0.3737551006,0.2952610851,0.227932969,0.099810057,0.6411408915,0.5430187686,0.3491902476
0.0575507026,0.3432433663,0.4139831737,0.298345507,0.229107178,0.0938996456,0.549812871,0.6468292401,0.4897893512
0.115996422,0.4546931071,0.3793646204,0.286875351,0.2354009664,0.0773052415,0.6873707606,0.5027144093,0.2733841683
0.0341156095,0.4204669414,0.4018908975,0.3133102575,0.2948199912,0.0817952663,0.5131974878,0.9471892135,0.2582619423
0.0809249808,0.0708945177,0.301711657,0.1762880924,0.3278202292,0.156209281,0.677052895,0.4805465834,0.2672410927
0.0643710994,0.0776423113,0.3879740417,0.1548651517,0.3373769741,0.1685833116,0.6405532178,0.2786029055,0.4820313092
0.0670097041,0.0663061278,0.3729717253,0.1270748681,0.3484844378,0.1415377874,0.6548141185,0.1666442412,0.4621941303
0.0753995572,0.0553380528,0.3358268225,0.020477306,0.2228726039,0.1819473354,0.6974849412,0.4120888732,0.3717773893
0.0700882048,0.0356451565,0.3511398263,0.0386662212,0.3312692906,0.2886455668,0.6885023623,0.3893152099,0.4038907783
0.070957411,0.0346397196,0.3549108758,0.0465496204,0.3430865396,0.1929954002,0.6883720981,0.5946891753,0.1599399119
0.0519557635,0,0.4163743445,0.0176970937,0.293120897,0.209464561,0.6997162266,0.1840012611,0.5501401582
0.3259768722,0.483212497,0.4535887631,0.8424356153,0.6386406147,0.0572962394,0.2780348803,0.2405979462,0.3709691331
0.3564581292,0.1640287858,0.4849391813,0.7503619489,0.5401856833,0.0354502955,0.2043390804,0.1934882322,0.5086047493
0.0439382594,0.2505812293,0.3195987132,0.7713624941,0.3551129756,0.0352218973,0.4642007302,0.3436981893,0.195751895
0.073273009,0.0604788317,0.3618886616,0.1080238859,0.2906996983,0.1243887237,0.6857849153,0.2769123705,0.3652842344
0.0362202508,0.0109145588,0.3431610039,0,0.2736455259,0.2483983023,0.6554640043,0.2756052615,0.4103117074
0.1315630644,0.2236391739,0.3724043149,0.0985092106,0.168189418,0.6743591445,0.6630950015,0.5069624633,0.370038064
0.1171471215,0.0800046482,0.351040874,0.0708007655,0.3093488036,0.2943065612,0.7314310725,0.4076210722,0.3607122669
0.2683797723,0.1105632013,0.3932884759,0.2427124117,0.3096287768,0.1169999512,0.5569348541,0.606684549,0.1867937158
0.7753071412,0.1935714187,0.4293593461,0.9804803924,0.4462188391,0.0019037902,0.4176239599,0.0879808151,0.2806021162
0.0840738151,0.0792759624,0.4188751334,0.0642513862,0.2960237738,0.688797463,0.5915941094,0.329516255,0.3593647985
0.0588057568,0.1490642957,0.4097234279,0.0791063344,0.3051125746,0.4257794333,0.5448014474,0.3462300681,0.4355196766
0.1681112719,0.1493248014,0.3203220622,0.3893033523,0.3834120244,0.0999534427,0.4851828885,0.3424384521,0.3534690858
0.0845584643,0.0779388163,0.3833965253,0.1175186783,0.2847188006,0.1542053304,0.6761260701,0.3496918926,0.487926297
0.1711307441,0.4161899448,0.423312909,0.2507158042,0.3544006988,0.3126366471,0.702787371,0.2401002477,0.933791114
0.0056076828,0.0931026339,0.387017178,0.3152293791,0.2772311655,0.0715480599,0.5025539472,0.089897467,0.9100698311
0.2237993555,0.0746149399,0.4111688459,0.1999303674,0.1107772394,0.4527494978,0.6374680487,0.1850151903,0.8352774162
0.0851120185,0.0550320124,0.4035977438,0.1478191062,0.3967684677,0.128552671,0.6267010484,0.2220689647,0.2358747755
0.0863391017,0.0568312895,0.379252189,0.1643360405,0.3559385816,0.0967642738,0.649276111,0.2614111635,0.1349648388
0.3018249315,0.0865067877,0.4570274999,0.42428836,0.4428640367,0.043229342,0.5845378791,0.3475001981,0.4212885015
0.0928085572,0.0818045563,0.5095064088,0.3882345177,0.4925328735,0.0444966578,0.5409400082,0.3127592591,0.3305748566
0.367093609,0.1518524104,0.4198702708,0.5040627723,0.4831863372,0.0964244438,0.5101700649,0.1967469472,0.3937601308
0.0639185048,0.1194991915,0.4168213511,0.4615356045,0.4630505152,0.0891244989,0.3845510834,0.2460934511,0.3390158027
0.1531657127,0.1500512425,0.3370519333,0.5038794318,0.2374847901,0.0172065872,0.4558859168,0.4418052621,0.5682192946
0.4593900801,0.0586838474,0.4959131135,0.3551894608,0.4512096851,0.0733978135,0.7853790319,0.2865130299,0.3975987737
0.7138832352,0.1198022057,0.4440291957,0.4567068615,0.2729507306,0.2287949308,0.7581251451,0.7050808148,0.5719726937
0.5055729021,0.1236846031,0.4673793156,0.3831080702,0.2849651557,0.0783693077,0.6521894957,0.7382497365,0.4106891005
0.2400030477,0.1133858315,0.4240061503,0.2817717656,0.27245684,0.0426319472,0.5315126595,0.666205909,0.3771724257
0.1961352358,0.1143074306,0.4153555557,0.2963043408,0.379869478,0.0399980632,0.5036758302,0.6512549167,0.3577068902
0.2271526333,0.1176456301,0.4027799988,0.3168266491,0.2617070175,0.0337368402,0.4844997354,0.646406128,0.3940525878
0.2046341844,0.1165797368,0.3959759968,0.308220019,0.2699384206,0.0399776581,0.5313816674,0.6423634155,0.3288766396
0.2146043908,0.1144561371,0.4282517061,0.2858117682,0.2817751822,0.0397927158,0.5970109397,0.6536188307,0.3259725714
0.1069563509,0.0446856177,0.3469976016,0.0332876542,0.3802209212,0.2346698666,0.7398161083,0.4631616399,0.2587284637
0.0129650751,0.113289489,0.4235776298,0.4258933553,0.2765185197,0.2613876239,0.219632322,0.8255404383,0.6285252609
0.1350912277,0.1262762789,0.391435404,0.3109161317,0.2604052702,0.0880743786,0.5274525844,0.7706852455,0.4029588196
0.0676311906,0.1232720424,0.3873685843,0.310008337,0.2590295313,0.0760249273,0.5266767163,0.7700974239,0.4297348946
0.0718209578,0.1126662395,0.3795064544,0.3626044361,0.2802540774,0.1801967481,0.3575336923,0.8242445702,0.4089526857
0.1120832229,0.0632992503,0.3426684655,0.0773851292,0.3026309199,0.2646108602,0.7395531444,0.2641853705,0.3730301462
0.093764638,0.0676605,0.4106994233,0.3163085897,0.5023131494,0.0610975468,0.4765727544,0.3061415092,0.2267276454
0.0676158634,0.0178289237,0.3507731526,0.0169731313,0.2685166759,0.1866030953,0.6910866151,0.3972036004,0.222406365
0.685698,0.145779858,0.3703323686,0.7853098829,0.490241381,0.1201797727,0.5042029983,0.3512901643,0.2744015097
0.1406819017,0.108812851,0.4155100399,0.5131791902,0.4699110991,0.0285102186,0.4860237749,0.3034032138,0.2436789632
0.0722830708,0.03218041,0.3406468879,0.0348273334,0.3062026686,0.2584178661,0.6878135062,0.1246174816,0.3818091229
0.0934939319,0.273154483,0.3938288559,0.304279638,0.1004979413,0.239876764,0.5298311932,0.330613935,0.4925790472
0.0794015156,0.2745883119,0.3853644809,0.3479768003,0.2521806262,0.1733148444,0.5609425731,0.6085638337,0.3530412059
0.0611980009,0.1563618067,0.396613667,0.2901512223,0.3137744149,0.1700360439,0.3541543921,0.6259814375,0.3513141387
0.0696108664,0.1494783239,0.3902162753,0.2737529776,0.109900891,0.1339203318,0.5061826889,0.6429932528,0.3587302923
0.651934499,0.2769287162,0.3517328535,0.7275660677,0.574291624,0.0921458971,0.5583446801,0.4730911974,0.7256219173
0.5579031173,0.1390756788,0.4111570112,0.5139294799,0.494550869,0,0.5062629969,0.3764626616,0.3551648503
0.4783469692,0.132904716,0.4092735589,0.5260547751,0.5464732748,0.0400406064,0.5081302555,0.4551291425,0.3045824994
0.2758719041,0.1371809826,0.4649616474,0.5128820574,0.5182611786,0.0457826128,0.4935318175,0.402740872,0.3565213291
0.2935318552,0.1305534597,0.4017049857,0.5200612163,0.5235295794,0.0433951207,0.5559406685,0.4555310244,0.3569142906
0.0317412346,0.1667414473,0.3228708605,0.8210743906,0.4415350752,0.0386029516,0.1071313579,0.6158508345,0.3015644455
0.8330203709,0.2032902556,0.4353130116,0.6239371858,0.5154111717,0.2034656535,0.3929582093,0.3250758987,0.4512090161
0.6393614387,0.2552391657,0.5661834559,0.5636396881,0.3614997356,0.1345568139,0.4193758919,0.0777218098,0.6224281134
0.0771467889,0.1281404864,0.5577613901,0.5187607192,0.4772131707,0.0458128331,0.2707847424,0.1369281592,0.4113322714
0.0397143352,0.0386050866,0.3627015519,0.1538142452,0.2843179541,0.2910754279,0.5792536756,0.7290928995,0.5032967786
0.8619437229,0.4548087693,0.3917264821,0.8608939331,0.4396823037,0.0217822176,0.3877830632,0.1909628553,0.3024765111
0.0907345385,0.3466035454,0.163071984,1,0.5754308095,0.0253455721,0.3888532437,0.1858759842,0.4533694044
0.0810040824,0.0702538979,0.3600128052,0.0815208396,0.2686936929,0.2340819575,0.6845899851,0.4496022315,0.4126633771
0.0799278412,0.0713499353,0.3944429724,0.0413190257,0.2678827644,0.1988208571,0.6900825344,0.4765981847,0.3446709839
0.4039315566,0.5030032703,0.4237121196,0.6213556985,0.5787877829,0.1081735952,0.4966557828,0.6080335014,0.3978321475
0.2559441541,0.1482464613,0.4307657318,0.4583520824,0.3151056058,0.069150462,0.5033641146,0.6906619005,0.2442887697
0.0828069801,0.2299001787,0.3821027931,0.460904484,0.3638440625,0.0775446321,0.5008257718,0.4869988579,0.4294332409
0.0934857153,0.1430210998,0.2956992186,0.0609709336,0.3109889066,0.3883480895,0.7349209847,0.4491714856,0.272918706
0.2124664481,0.1324620514,0.4204447418,0.2889960911,0.3217497343,0.3998881641,0.8897683922,0.8023505394,0.3776839331
0.0708573274,0.0283407845,0.3462144783,0.0261646858,0.2900837682,0.212292914,0.6883938281,0.426501555,0.3833406948
0.0612524754,0.0822648773,0.3900896121,0.1800937063,0.3506444321,0.0767802186,0.5687649034,0.8282604747,0.290992604
0.3214966571,0.3135666682,0.4455291062,0.37313439,0.2520822868,0.4154576598,0.7626006659,0.2384860286,0.5832921276
0.2538067679,0.089037644,0.4188296807,0.3481474187,0.4460056565,0.2000773388,0.4498975343,0.3087698978,0.5013651335
0.0804275234,0.091028776,0.4236409106,0.3413710012,0.3503719895,0.1686933687,0.4516066568,0.2614096021,0.4585805113
0.3227650234,0.0901513762,0.4173202207,0.373143623,0.496672655,0.1177593207,0.3869444274,0.3035668755,0.4221839967
0.1877339809,0.1040854274,0.3612090561,0.3627529203,0.3699737926,0.113786409,0.3606146363,0.250854023,0.4104668272
0.1198244581,0.0116325265,0.3691014756,0.0251887368,0.3236653603,0.2378056574,0.7652850673,0.4174106565,0.2515782763
0.539169427,0.0814742979,0.4448678357,0.2102446453,0.4055576434,0.0832281843,0.5944947965,0.4184263069,0.377972452
0.41447885,0.083760706,0.446058797,0.1928463581,0.3921824673,0.0490432178,0.5879614141,0.4358805445,0.4244086835
0.0870367316,0.0835991039,0.4027029009,0.1507053893,0.2994876318,0.0629953479,0.6562928928,0.2981269079,0.3670778634
0.2321837194,0.144372253,0.3042072708,0.7037777711,0.4677899995,0.1556234191,0.3062243858,0.837046951,0.2802994821
0.0929059049,0.1392549554,0.3595636059,0.5176713992,0.3506497877,0.0864122545,0.4253646541,0.5633686124,0.4061908299
0.0412036368,0.1340780965,0.3395173694,0.7298919831,0.5531421724,0.0877146187,0.1117308851,0.8612972259,0.2556057465
1,0.2822387255,0.5042841143,0.8073710583,0.3124715439,0.1619270928,0.5844221587,0.3216478056,0.5459968218
0.0576862024,0.1469471929,0.3825491095,0.6501395805,0.4029233301,0.0308425142,0.3165495596,0.2214016126,0.4018683164
0.0633449815,0.4312772906,0.3905691255,0.6744389538,0.3383063666,0.0432191856,0.5016431481,0.1982661603,0.5094887491
0.3947951938,0.1695611847,0.4447364761,0.707717542,0.3066242883,0.0218225522,0.3873319273,0.2212507426,0.4745930483
0.0474575301,0.1401126193,0.4494335293,0.6483962025,0.4124554922,0.013075694,0.3676611121,0.1440156429,0.4317363326
0.0468759526,0.1469844453,0.4933445403,0.6519185695,0.4145537997,0.0130906328,0.3247536466,0.1694136676,0.4746419382
0.8141516704,0.3506306359,0.3334791055,0.9683264801,0.3068666354,0.4281584507,0.4923092035,0.8972348144,0.8846232912
0.1632414507,0.2580942092,0.3321886893,0.8197869472,0.2338387422,0.2753122,0.5268442264,0.7478070192,0.631930588
0.5210843941,0.2464327884,0.4286026188,0.8356025588,0.2400850195,0.223672193,0.3001943355,0.7757481946,0.7668499645
0.1715623549,0.35154537,0.3688153424,0.7833936651,0.2523091724,0.1604206223,0.3588852409,0.6845117445,0.7159668304
0.426470278,0.1918718989,0.3778444963,0.7997838886,0.1918289808,0.1372942808,0.2677763104,0.7221209302,0.7250508654
0.2274679707,0.1556004023,0.4123592254,0.7825024296,0.344484223,0.1850552789,0.1731678783,0.9081644705,0.5633369444
0.2271517263,0.1733331628,0.3526128068,0.7733225777,0.278094704,0.2014122501,0.3108970428,0.8225084333,0.5030404079
0.1286287561,0.1576766446,0.4026311608,0.7865213891,0.2425337618,0.17917434,0.2681276419,0.87785385,0.6011633747
0.4467840643,0.2316397879,0.3904574757,0.9117597015,0.2623928246,0.1327944154,0.317412876,0.6504771118,0.6046595978
0.3888071486,0.1922217576,0.4242651512,0.8891157021,0.2786653486,0.1323247259,0.3571415434,0.6388009163,0.6551675638
0.0343392789,0.175511799,0.3587024837,0.7222212333,0.2798182447,0.1102260306,0.1193586443,0.7308862561,0.683386163
0.1103762971,0.3893480199,0.4041715524,0.6962151177,0.3685306695,0.1647938486,0.1235767842,0.7913083647,0.4510785602
0.341185649,0.166034132,0.2352669098,0.9685223817,0.3877532741,0.1178295155,0.4679025,0.6265153943,0.4294577553
0.1178139326,0.1521126047,0.3164942837,0.8571245801,0.2938779422,0.1031584339,0.4056948306,0.6304909539,0.5756230097
0.2544879478,0.2085311164,0.3815610523,0.8003909307,0.3348997626,0.0934669262,0.3051332137,0.6603491489,0.3988422061
0.1324624609,0.1706277191,0.4320679453,0.8171226499,0.3350542172,0.0704616537,0.1382103448,0.6766820434,0.7433809001
0.2285176993,0.1541593043,0.4047571083,0.8054112196,0.3970439772,0.0831171376,0.1865040603,0.7172892044,0.500601966
0.0823220345,0.1576649917,0.3736528088,0.7279844158,0.3828343664,0.0740875809,0.2187244665,0.7813119215,0.4000612813
0.1608481108,0.1768672965,0.360637178,0.7962638195,0.3559643803,0.0819556235,0.1800854268,0.7221625923,0.4251872575
0.1693064339,0.1693762384,0.3578735016,0.7177587394,0.3136702017,0.0679113696,0.0831152486,0.7761088354,0.5487098819
0.359832715,0.1741232151,0.3610407726,0.7821340156,0.4322565736,0.058913258,0.2753122273,0.6220855437,0.5416376877
0.2244760115,0.295177622,0.3545537014,0.7209121141,0.323535133,0.0643768418,0.0767677492,0.7038239023,0.5018442334
0.0321403255,0.451663627,0.3516369334,0.7138597389,0.3112837366,0.0965667968,0.1668644286,0.6493307787,0.4134148537
0.2594274042,0.4896630688,0.3940611689,0.7849815759,0.3410872241,0.0624699901,0.1417080638,0.6483162749,0.587322032
0.0259905619,0.1599644173,0.389003059,0.7564140842,0.3402528405,0.0620452907,0.1035162635,0.7665564208,0.413791688
0.2415234335,0.1611550215,0.3536355856,0.7254020052,0.4547214523,0.0641620801,0.20147487,0.5834226236,0.5173882465
0.027074546,0.1407229974,0.3365956028,0.7272436255,0.3690003994,0.0448568588,0.1374650289,0.6646530963,0.2409506625
0.0252688634,0.1503788476,0.4411739455,0.6956064981,0.437212835,0.0671847796,0.1546440696,0.8349656256,0.3724730256
0.0203746081,0.2984187252,0.4216700225,0.7471370218,0.4081951015,0.0713088372,0,0.8570719921,0.4029599261
0.0264575926,0.1577257751,0.3885851745,0.7311227128,0.337893692,0.0560139311,0.0803717601,0.7310017745,0.4046964212
0.0277873421,0.1667408345,0.3908619256,0.7300539272,0.3244672217,0.0441476341,0.098736216,0.680910553,0.5828463687
0.0442514415,0.2950514514,0.3583792776,0.760427267,0.3259400273,0.0670783971,0.1732954336,0.7676423008,0.4017124131
0.0005634867,0.1619380702,0.3408468271,0.7385640905,0.311850093,0.0421408375,0.1772847985,0.4885890557,0.7539153163
0.0180931093,0.1523014108,0.4017847451,0.7417841346,0.4584135051,0.0482520726,0.1172426587,0.7303602731,0.3219131496
0.0328488459,0.1413094444,0.3924530839,0.7433349642,0.333925372,0.0681843781,0.2635670331,0.7654547073,0.3798088783
0.021737363,0.1695943286,0.3439269149,0.6927277294,0.2983430513,0.0499956836,0.1032251566,0.7564050615,0.3514347557
0.1456878422,0.1721592407,0.3602048603,0.720718821,0.3330796009,0.0350728322,0.0969134569,0.5904780786,0.6103442724
0.1114246921,0.1491529827,0.3966808947,0.7369824544,0.2142014299,0.0573361003,0.2162448595,0.7231284444,0.3520627898
0.0277851596,0.1581518875,0.3334998407,0.707307694,0.3607969017,0.0412296517,0.1640965667,0.7892085544,0.2898240529
0.3341893663,0.1392329527,0.4116916823,0.7545054304,0.4091842963,0.0578021967,0.1347142286,0.7015012301,0.3703743573
0.0246780219,0.1505398919,0.3410431426,0.7262512874,0.3510950013,0.0449765835,0.1163684384,0.8464766171,0.2775473132
0.0255021225,0.1586729349,0.3469719095,0.7559058997,0.3717513262,0.0372576326,0.0492241139,0.713117248,0.3786493228
0.0290588393,0.2242006634,0.3236978152,0.8185563668,0.3774004623,0.0445393764,0.1486332721,0.6743178378,0.205903661
0.1093360319,0.1581190597,0.3798510905,0.6440085698,0.3375143277,0.0358769197,0.1115541168,0.6864025389,0.3608915112
0.3790541606,0.1814295059,0.3755364946,0.705352427,0.2801864713,0.0221976215,0.2026056536,0.7894466262,0.4506177039
0.0202776158,0.1418547306,0.4091871206,0.6731036542,0.3719119561,0.0382212634,0.0995049601,0.8094634779,0.3342588509
0.0210130276,0.1340777347,0.2574281559,0.8312848297,0.4177442104,0.0381651932,0.3460389063,0.5726830767,0.3138683245
0.0158452115,0.1560921263,0.3717963527,0.6593004225,0.3298384393,0.0338958379,0.0296148033,0.6643526372,0.4450065172
0.0165652145,0.1536524496,0.336033088,0.6522604774,0.3163071669,0.0405794376,0.1478556024,0.6117828495,0.4424315089
0.0236296139,0.1771530686,0.3620295807,0.7165587759,0.3341270658,0.0383989289,0.0835590351,0.6360218186,0.267267478
0.0175829583,0.1469705232,0.3606163214,0.6759984674,0.3463084795,0.0384708585,0.1067313688,0.7078071422,0.4550007454
0.0266436591,0.1484932645,0.3511724312,0.7173998782,0.3756814974,0.0530499359,0.1624702648,0.7034858894,0.3320080125
0,0.156041894,0.3266667027,0.7220599134,0.3221186242,0.0272494827,0.1144590994,0.5690068137,0.6651415183
0.0141033849,0.1592530939,0.3616083132,0.6978061477,0.2767590445,0.0308182392,0.0903495103,0.7924938212,0.4179599645
0.0241867964,0.1467618566,0.3273493115,0.743785207,0.3495761427,0.0528995407,0.2495175286,0.7758240496,0.28270937
0.0888911662,0.2219730719,0.32873541,0.4172862341,0.2222785355,0.0236044728,0.5331817422,0.2119928126,0.5016696372
0.2436888604,0.0441025446,0.4205325338,0.2531918821,0.4314812936,0.1163341402,0.5775944814,0.4768455904,0.4339334541
0.5195226615,0.2134267509,0.3904873077,0.2364775648,0.1901257575,0.0864520679,0.6190657605,0.9753653228,0.2224464746
0.0681653366,0.1287039686,0.3724586984,0.2655353494,0.2367947559,0.087921448,0.545636791,0.9349943615,0.4373981131
0.0425817464,0.1286848791,0.4008047563,0.298606317,0.2588462523,0.0888300615,0.5149932561,1,0.4181232548
0.0729645838,0.049171558,0.3568322205,0.1603115621,0.604208817,0.392611022,0.5912497687,0.6430379679,0.3419867106
0.0780280028,0.0845106353,0.3588676925,0.1576759725,0.5090572885,0.2925636585,0.624622547,0.6667099834,0.2391131189
0.0761728739,0.0458828479,0.3547024978,0.04668066,0.3072809225,0.3063951465,0.6897372711,0.3756787538,0.3369228455
0.0558238113,0.0561062741,0.3318375453,0.126954148,0.2848873968,0.2530978501,0.628004092,0.1708999279,0.4216535563
0.0798491564,0.0722548453,0.3361947364,0.171572457,0.2210514626,0.1169423043,0.6721404342,0.3439462005,0.3032262848
